名稱,規格,單位,群組,分類,敷設,參考價,牌價,工率_最高,工率_普通,工率_最低,吋米種類,設備系統別
電氣用PVC電管,"PVC P 1/2""* 2.0 m/m",M,管材,管線材料,明管,,,0.013,0.012,0.009,,
電氣用PVC電管,"PVC P 3/4""* 2.0 m/m",M,管材,管線材料,明管,,,0.015,0.014,0.012,,
電氣用PVC電管,"PVC P 1""* 2.0 m/m",M,管材,管線材料,明管,,,0.02,0.018,0.015,,
電氣用PVC電管,"PVC P 1""* 3.0 m/m",M,管材,管線材料,明管,,,0.021,0.019,0.016,,
電氣用PVC電管,"PVC P 1 1/4""* 3.5 m/m",M,管材,管線材料,明管,,,0.028,0.025,0.021,,
電氣用PVC電管,"PVC P 1 1/2""* 3.5 m/m",M,管材,管線材料,明管,,,0.032,0.029,0.022,,
電氣用PVC電管,"PVC P 2""* 4.0 m/m",M,管材,管線材料,明管,,,0.052,0.043,0.037,,
電氣用PVC電管,"PVC P 2 1/2""* 4.5 m/m",M,管材,管線材料,明管,,,0.062,0.055,0.046,,
電氣用PVC電管,"PVC P 3""* 5.5 m/m",M,管材,管線材料,明管,,,0.076,0.068,0.058,,
電氣用PVC電管,"PVC P 4""* 7.0 m/m",M,管材,管線材料,明管,,,0.085,0.076,0.065,,
電氣用PVC電管,"PVC P 5""* 7.5 m/m",M,管材,管線材料,明管,,,0.099,0.089,0.076,,
電氣用PVC電管,"PVC P 6""* 8.5 m/m",M,管材,管線材料,明管,,,0.128,0.115,0.097,,
電氣用PVC電管,"PVC P 8""*11.0 m/m",M,管材,管線材料,明管,,,0.198,0.165,0.145,,
電氣用PVC電管,"自由軟管 4"" (鋁管)",M,管材,管線材料,明管,,,0.034,0.03,0.026,,
電氣用PVC電管,"PVC 軟管 1/2""",M,管材,管線材料,明管,,,0.017,0.015,0.012,,
電氣用PVC電管,"PVC 軟管 3/4""",M,管材,管線材料,明管,,,0.025,0.022,0.018,,
電氣用PVC電管,"PVC 軟管 1""",M,管材,管線材料,明管,,,0.034,0.03,0.025,,
電氣用PVC電管,"不銹鋼軟管 1/2""",M,管材,管線材料,明管,,,0.028,0.025,0.021,,
電氣用PVC電管,"不銹鋼軟管 3/4""",M,管材,管線材料,明管,,,0.036,0.032,0.026,,
電氣用PVC電管,"不銹鋼軟管 1""",M,管材,管線材料,明管,,,0.05,0.045,0.037,,
電氣用PVC電管,"不銹鋼軟管 1 1/4""",M,管材,管線材料,明管,,,0.065,0.058,0.048,,
電氣用PVC電管,"不銹鋼軟管 1 1/2""",M,管材,管線材料,明管,,,0.072,0.065,0.053,,
電氣用PVC電管,"不銹鋼軟管 2""",M,管材,管線材料,明管,,,0.085,0.076,0.063,,
電氣用PVC電管,"不銹鋼軟管 2 1/2""",M,管材,管線材料,明管,,,0.101,0.091,0.075,,
電氣用PVC電管,"不銹鋼軟管 3""",M,管材,管線材料,明管,,,0.116,0.106,0.087,,
排水管,"PVC P 1/2""* 3.0 m/m",M,管材,管線材料,明管,,,0.013,0.012,0.01,,
排水管,"PVC P 3/4""* 3.0 m/m",M,管材,管線材料,明管,,,0.015,0.014,0.012,,
排水管,"PVC P 1""* 2.0 m/m",M,管材,管線材料,明管,,,0.02,0.018,0.015,,
排水管,"PVC P 1""* 3.0 m/m",M,管材,管線材料,明管,,,0.021,0.019,0.016,,
排水管,"PVC P 1 1/4""* 2.0 m/m",M,管材,管線材料,明管,,,0.025,0.023,0.019,,
排水管,"PVC P 1 1/4""* 3.5 m/m",M,管材,管線材料,明管,,,0.028,0.025,0.021,,
排水管,"PVC P 1 1/2""* 2.0 m/m",M,管材,管線材料,明管,,,0.03,0.027,0.022,,
排水管,"PVC P 1 1/2""* 3.5 m/m",M,管材,管線材料,明管,,,0.032,0.029,0.025,,
排水管,"PVC P 2""* 2.0 m/m",M,管材,管線材料,明管,,,0.39,0.035,0.029,,
排水管,"PVC P 2""* 4.0 m/m",M,管材,管線材料,明管,,,0.052,0.043,0.037,,
排水管,"PVC P 2 1/2""* 2.0 m/m",M,管材,管線材料,明管,,,0.05,0.045,0.038,,
排水管,"PVC P 2 1/2""* 3.0 m/m",M,管材,管線材料,明管,,,0.059,0.053,0.045,,
排水管,"PVC P 2 1/4""* 4.5 m/m",M,管材,管線材料,明管,,,0.062,0.055,0.046,,
排水管,"PVC P 3""* 2.0 m/m",M,管材,管線材料,明管,,,0.059,0.053,0.045,,
排水管,"PVC P 3""* 3.0 m/m",M,管材,管線材料,明管,,,0.063,0.057,0.048,,
排水管,"PVC P 3""* 5.5 m/m",M,管材,管線材料,明管,,,0.076,0.068,0.058,,
排水管,"PVC P 4""* 2.0 m/m",M,管材,管線材料,明管,,,0.067,0.06,0.051,,
排水管,"PVC P 4""* 3.0 m/m",M,管材,管線材料,明管,,,0.076,0.068,0.057,,
排水管,"PVC P 4""* 4.0 m/m",M,管材,管線材料,明管,,,0.078,0.07,0.06,,
排水管,"PVC P 4""* 7.0 m/m",M,管材,管線材料,明管,,,0.085,0.076,0.065,,
排水管,"PVC P 5""* 3.5 m/m",M,管材,管線材料,明管,,,0.089,0.08,0.068,,
排水管,"PVC P 5""* 4.5 m/m",M,管材,管線材料,明管,,,0.092,0.082,0.069,,
排水管,"PVC P 5""* 7.5 m/m",M,管材,管線材料,明管,,,0.099,0.089,0.076,,
排水管,"PVC P 6""* 4.0 m/m",M,管材,管線材料,明管,,,0.106,0.095,0.081,,
排水管,"PVC P 6""* 5.5 m/m",M,管材,管線材料,明管,,,0.109,0.098,0.083,,
排水管,"PVC P 6""* 8.5 m/m",M,管材,管線材料,明管,,,0.128,0.115,0.097,,
排水管,"PVC P 8""* 7.0 m/m",M,管材,管線材料,明管,,,0.201,0.18,0.153,,
排水管,"PVC P 10""* 8.5 m/m",M,管材,管線材料,明管,,,0.257,0.23,0.195,,
排水管,"PVC P 12""* 8.0 m/m",M,管材,管線材料,明管,,,0.287,0.257,0.218,,
排水管,"PVC P 12""*10.0 m/m",M,管材,管線材料,明管,,,0.304,0.271,0.23,,
排水管,"PVC P 12""*13.0 m/m",M,管材,管線材料,明管,,,0.356,0.31,0.265,,
排水管,"PVC P 14""*11.0 m/m",M,管材,管線材料,明管,,,0.41,0.357,0.303,,
排水管,"PVC P 14""*16.0 m/m",M,管材,管線材料,明管,,,0.435,0.375,0.318,,
排水管,"PVC P 16""*12.0 m/m",M,管材,管線材料,明管,,,0.518,0.45,0.385,,
排水管,"PVC P 18""*20.0 m/m",M,管材,管線材料,明管,,,0.625,0.545,0.405,,
衛生下水道塑膠管,"2"" * 4.0 m/m",M,管材,管線材料,明管,,,0.052,0.043,0.037,,
衛生下水道塑膠管,"3"" * 5.5 m/m",M,管材,管線材料,明管,,,0.076,0.068,0.058,,
衛生下水道塑膠管,"4"" * 7.0 m/m",M,管材,管線材料,明管,,,0.085,0.076,0.065,,
衛生下水道塑膠管,"6"" * 8.5 m/m",M,管材,管線材料,明管,,,0.128,0.115,0.097,,
衛生下水道塑膠管,"8"" *10.5 m/m",M,管材,管線材料,明管,,,0.221,0.198,0.168,,
衛生下水道塑膠管,"10"" *13.0 m/m",M,管材,管線材料,明管,,,0.308,0.276,0.234,,
衛生下水道塑膠管,"12"" *15.5 m/m",M,管材,管線材料,明管,,,0.396,0.342,0.292,,
衛生下水道塑膠管,"14"" *18.0 m/m",M,管材,管線材料,明管,,,0.478,0.413,0.35,,
衛生下水道塑膠管,"16"" *20.5 m/m",M,管材,管線材料,明管,,,0.674,0.585,0.501,,
衛生下水道塑膠管,"18"" *22.9 m/m",M,管材,管線材料,明管,,,0.688,0.595,0.445,,
衛生下水道塑膠管,"20"" *25.3 m/m",M,管材,管線材料,明管,,,0.86,0.714,0.556,,
衛生下水道塑膠管,"24"" *30.7 m/m",M,管材,管線材料,明管,,,1.16,0.928,0.723,,
鑄鐵管,"CIP P 1 1/2""",M,管材,管線材料,明管,,,0.109,0.095,0.085,,
鑄鐵管,"CIP P 2""",M,管材,管線材料,明管,,,0.126,0.112,0.102,,
鑄鐵管,"CIP P 3""",M,管材,管線材料,明管,,,0.175,0.148,0.132,,
鑄鐵管,"CIP P 4""",M,管材,管線材料,明管,,,0.185,0.157,0.142,,
鑄鐵管,"CIP P 5""",M,管材,管線材料,明管,,,0.259,0.226,0.205,,
鑄鐵管,"CIP P 6""",M,管材,管線材料,明管,,,0.339,0.295,0.265,,
鑄鐵管,"CIP P 8""",M,管材,管線材料,明管,,,0.425,0.385,0.346,,
鑄鐵管,"CIP P 10""",M,管材,管線材料,明管,,,0.557,0.485,0.437,,
鑄鐵管,"CIP P 12""",M,管材,管線材料,明管,,,0.638,0.556,0.501,,
鑄鐵管,"CIP P 14""",M,管材,管線材料,明管,,,0.735,0.639,0.575,,
鍍鋅鋼管,"GIP P 1/2"" * 2.6 m/m",M,管材,管線材料,明管,,,0.047,0.04,0.03,,
鍍鋅鋼管,"GIP P 3/4"" * 2.8 m/m",M,管材,管線材料,明管,,,0.605,0.054,0.04,,
鍍鋅鋼管,"GIP P 1"" * 3.2 m/m",M,管材,管線材料,明管,,,0.071,0.063,0.043,,
鍍鋅鋼管,"GIP P 1 1/4"" * 3.6 m/m",M,管材,管線材料,明管,,,0.085,0.074,0.05,,
鍍鋅鋼管,"GIP P 1 1/2"" * 4.1 m/m",M,管材,管線材料,明管,,,0.092,0.083,0.06,,
鍍鋅鋼管,"GIP P 2"" * 4.1 m/m",M,管材,管線材料,明管,,,0.105,0.104,0.075,,
鍍鋅鋼管,"GIP P 2 1/2"" * 4.5 m/m",M,管材,管線材料,明管,,,0.141,0.125,0.095,,
鍍鋅鋼管,"GIP P 3"" * 4.5 m/m",M,管材,管線材料,明管,,,0.171,0.152,0.135,,
鍍鋅鋼管,"GIP P 4"" * 4.5 m/m",M,管材,管線材料,明管,,,0.225,0.198,0.165,,
不銹鋼管(薄),"1/2"" * 0.8 m/m 壓著式",M,管材,管線材料,明管,,,0.029,0.025,0.019,,
不銹鋼管(薄),"3/4"" * 1.0 m/m 壓著式",M,管材,管線材料,明管,,,0.038,0.033,0.025,,
不銹鋼管(薄),"1"" * 1.0 m/m 壓著式",M,管材,管線材料,明管,,,0.051,0.044,0.033,,
不銹鋼管(薄),"1 1/4"" * 1.2 m/m 壓著式",M,管材,管線材料,明管,,,0.066,0.057,0.043,,
不銹鋼管(薄),"1 1/2"" * 1.2 m/m 壓著式",M,管材,管線材料,明管,,,0.078,0.067,0.05,,
不銹鋼管(薄),"2"" * 1.2 m/m 壓著式",M,管材,管線材料,明管,,,0.103,0.089,0.067,,
不銹鋼管(薄),"2 1/2"" * 1.5 m/m 壓著式",M,管材,管線材料,明管,,,0.135,0.116,0.087,,
不銹鋼管(厚),"不銹鋼管 1/2"" * 2.5 m/m",M,管材,管線材料,明管,,,0.047,0.04,0.03,,
不銹鋼管(厚),"不銹鋼管 3/4"" * 2.5 m/m",M,管材,管線材料,明管,,,0.605,0.054,0.04,,
不銹鋼管(厚),"不銹鋼管 1"" * 3.0 m/m",M,管材,管線材料,明管,,,0.071,0.063,0.043,,
不銹鋼管(厚),"不銹鋼管 1 1/4"" * 3.5 m/m",M,管材,管線材料,明管,,,0.085,0.074,0.05,,
不銹鋼管(厚),"不銹鋼管 1 1/2"" * 3.5 m/m",M,管材,管線材料,明管,,,0.092,0.083,0.06,,
不銹鋼管(厚),"不銹鋼管 2"" * 3.5 m/m",M,管材,管線材料,明管,,,0.105,0.104,0.075,,
不銹鋼管(厚),"不銹鋼管 2 1/2"" * 4.0m/m",M,管材,管線材料,明管,,,0.141,0.125,0.095,,
不銹鋼管(厚),"不銹鋼管 3"" * 4.0 m/m",M,管材,管線材料,明管,,,0.171,0.152,0.135,,
不銹鋼管(厚),"不銹鋼管 3 1/2"" * 4.0 m/m",M,管材,管線材料,明管,,,0.195,0.175,0.145,,
不銹鋼管(厚),"不銹鋼管 4"" * 4.0 m/m",M,管材,管線材料,明管,,,0.225,0.198,0.165,,
發泡披覆管,"不銹鋼發泡披覆管 1/2""*0.8m/m",M,管材,管線材料,明管,,,0.03,0.026,0.019,,
發泡披覆管,"不銹鋼發泡披覆管 3/4""*1.0m/m",M,管材,管線材料,明管,,,0.039,0.034,0.028,,
發泡披覆管,"不銹鋼發泡披覆管 1"" *1.0m/m",M,管材,管線材料,明管,,,0.053,0.046,0.035,,
發泡披覆管,"不銹鋼發泡披覆管1 1/4""*1.2m/m",M,管材,管線材料,明管,,,0.069,0.06,0.045,,
發泡披覆管,"不銹鋼發泡披覆管1 1/2""*1.2m/m",M,管材,管線材料,明管,,,0.082,0.07,0.053,,
發泡披覆管,"不銹鋼發泡披覆管 2"" *1.2m/m",M,管材,管線材料,明管,,,0.108,0.093,0.07,,
銅管,"裸銅管 1/4""",M,管材,管線材料,明管,,,0.029,0.026,0.022,,
銅管,"裸銅管 3/8""",M,管材,管線材料,明管,,,0.035,0.032,0.028,,
銅管,"裸銅管 1/2""",M,管材,管線材料,明管,,,0.042,0.038,0.034,,
銅管,"裸銅管 3/4""",M,管材,管線材料,明管,,,0.056,0.05,0.04,,
銅管,"裸銅管 1""",M,管材,管線材料,明管,,,0.077,0.069,0.055,,
銅管,"裸銅管 1 1/4""",M,管材,管線材料,明管,,,0.087,0.085,0.068,,
銅管,"裸銅管 1 1/2""",M,管材,管線材料,明管,,,0.105,0.094,0.079,,
銅管,"裸銅管 2""",M,管材,管線材料,明管,,,0.128,0.115,0.095,,
銅管,"裸銅管 2 1/2""",M,管材,管線材料,明管,,,0.15,0.135,0.114,,
銅管,"裸銅管 3""",M,管材,管線材料,明管,,,0.184,0.165,0.141,,
銅管,"裸銅管 4""",M,管材,管線材料,明管,,,0.228,0.205,0.175,,
銅管,"裸銅管 5""",M,管材,管線材料,明管,,,0.285,0.252,0.214,,
銅管,"裸銅管 6""",M,管材,管線材料,明管,,,0.353,0.315,0.268,,
銅管,"裸銅管 8""",M,管材,管線材料,明管,,,0.44,0.395,0.335,,
銅管,"披覆銅管 1/4""",M,管材,管線材料,明管,,,0.031,0.027,0.023,,
銅管,"披覆銅管 3/8""",M,管材,管線材料,明管,,,0.038,0.034,0.029,,
銅管,"披覆銅管 1/2""",M,管材,管線材料,明管,,,0.0444,0.04,0.034,,
銅管,"披覆銅管 3/4""",M,管材,管線材料,明管,,,0.059,0.053,0.045,,
銅管,"披覆銅管 1""",M,管材,管線材料,明管,,,0.081,0.072,0.062,,
銅管,"披覆銅管 1 1/4""",M,管材,管線材料,明管,,,0.099,0.089,0.075,,
銅管,"披覆銅管 1 1/2""",M,管材,管線材料,明管,,,0.109,0.098,0.083,,
銅管,"披覆銅管 2""",M,管材,管線材料,明管,,,0.134,0.12,0.102,,
銅管,"披覆銅管 2 1/2""",M,管材,管線材料,明管,,,0.159,0.142,0.121,,
銅管,"披覆銅管 3""",M,管材,管線材料,明管,,,0.194,0.173,0.147,,
銅管,"披覆銅管 4""",M,管材,管線材料,明管,,,0.241,0.215,0.184,,
RSG鍍鋅厚鋼電導管,"1/2"" * 2.3 m/m",M,管材,管線材料,明管,,,0.042,0.035,0.0263,,
RSG鍍鋅厚鋼電導管,"3/4"" * 2.3 m/m",M,管材,管線材料,明管,,,0.0528,0.044,0.033,,
RSG鍍鋅厚鋼電導管,"1"" * 2.5 m/m",M,管材,管線材料,明管,,,0.0588,0.049,0.0368,,
RSG鍍鋅厚鋼電導管,"1 1/4"" * 2.5 m/m",M,管材,管線材料,明管,,,0.0828,0.069,0.0518,,
RSG鍍鋅厚鋼電導管,"1 1/2"" * 2.5 m/m",M,管材,管線材料,明管,,,0.1128,0.094,0.0705,,
RSG鍍鋅厚鋼電導管,"2"" * 2.8 m/m",M,管材,管線材料,明管,,,0.1452,0.121,0.0907,,
RSG鍍鋅厚鋼電導管,"2 1/2"" * 2.8 m/m",M,管材,管線材料,明管,,,0.162,0.135,0.1013,,
RSG鍍鋅厚鋼電導管,"3"" * 2.8 m/m",M,管材,管線材料,明管,,,0.1752,0.146,0.1095,,
RSG鍍鋅厚鋼電導管,"4"" * 3.5 m/m",M,管材,管線材料,明管,,,0.204,0.17,0.1275,,
無縫鋼管,"無縫鋼管 SCH40 1/2""",M,管材,管線材料,明管,,,0.047,0.04,0.03,,
無縫鋼管,"無縫鋼管 SCH40 3/4""",M,管材,管線材料,明管,,,0.605,0.054,0.04,,
無縫鋼管,"無縫鋼管 SCH40 1""",M,管材,管線材料,明管,,,0.071,0.063,0.043,,
無縫鋼管,"無縫鋼管 SCH40 1 1/4""",M,管材,管線材料,明管,,,0.085,0.074,0.05,,
無縫鋼管,"無縫鋼管 SCH40 1 1/2""",M,管材,管線材料,明管,,,0.092,0.083,0.06,,
無縫鋼管,"無縫鋼管 SCH40 2""",M,管材,管線材料,明管,,,0.105,0.104,0.075,,
無縫鋼管,"無縫鋼管 SCH40 2 1/2""",M,管材,管線材料,明管,,,0.141,0.125,0.095,,
無縫鋼管,"無縫鋼管 SCH40 3""",M,管材,管線材料,明管,,,0.171,0.152,0.135,,
無縫鋼管,"無縫鋼管 SCH40 3 1/2""",M,管材,管線材料,明管,,,0.195,0.175,0.145,,
無縫鋼管,"無縫鋼管 SCH40 4""",M,管材,管線材料,明管,,,0.225,0.198,0.165,,
HDPE管,"HDPE P 1 1/4""",M,管材,管線材料,明管,,,0.076,0.066,0.049,,
HDPE管,"HDPE P 1 1/2""",M,管材,管線材料,明管,,,0.117,0.102,0.075,,
HDPE管,"HDPE P 2""",M,管材,管線材料,明管,,,0.125,0.11,0.083,,
HDPE管,"HDPE P 2 1/2""",M,管材,管線材料,明管,,,0.151,0.132,0.095,,
HDPE管,"HDPE P 3""",M,管材,管線材料,明管,,,0.185,0.158,0.115,,
HDPE管,"HDPE P 4""",M,管材,管線材料,明管,,,0.235,0.205,0.154,,
HDPE管,"HDPE P 5""",M,管材,管線材料,明管,,,0.31,0.275,0.206,,
HDPE管,"HDPE P 6""",M,管材,管線材料,明管,,,0.374,0.325,0.244,,
HDPE管,"HDPE P 8""",M,管材,管線材料,明管,,,0.45,0.395,0.296,,
HDPE管,"HDPE P 10""",M,管材,管線材料,明管,,,0.5,0.435,0.335,,
HDPE管,"HDPE P 12""",M,管材,管線材料,明管,,,0.55,0.485,0.365,,
PB管,"1/2""",M,管材,管線材料,明管,,,0.016,0.015,0.014,,
PB管,"3/4""",M,管材,管線材料,明管,,,0.021,0.018,0.014,,
PB管,"1""",M,管材,管線材料,明管,,,0.028,0.024,0.018,,
REHAU乙烯管,REHAU 16φ* 2.2 m/m,M,管材,管線材料,明管,,,0.029,0.024,0.018,,
REHAU乙烯管,REHAU 20φ* 2.8 m/m,M,管材,管線材料,明管,,,0.036,0.033,0.025,,
REHAU乙烯管,REHAU 25φ* 3.5 m/m,M,管材,管線材料,明管,,,0.048,0.042,0.03,,
REHAU乙烯管,REHAU 32φ* 4.4 m/m,M,管材,管線材料,明管,,,0.068,0.054,0.04,,
REHAU乙烯管,REHAU 40φ* 5.5 m/m,M,管材,管線材料,明管,,,0.082,0.073,0.05,,
REHAU乙烯管,REHAU 50φ* 6.9 m/m,M,管材,管線材料,明管,,,0.102,0.085,0.07,,
REHAU乙烯管,REHAU 63φ* 8.7 m/m,M,管材,管線材料,明管,,,0.13,0.12,0.075,,
ABS管,"ABS P 1/2""*2.0m/m",M,管材,管線材料,明管,,,0.01,0.009,0.006,,
ABS管,"ABS P 3/4""*2.0m/m",M,管材,管線材料,明管,,,0.012,0.01,0.007,,
ABS管,"ABS P 1""*2.0m/m",M,管材,管線材料,明管,,,0.014,0.012,0.009,,
ABS管,"ABS P 1""*2.5m/m",M,管材,管線材料,明管,,,0.016,0.013,0.01,,
ABS管,"ABS P 1 1/4""*2.2m/m",M,管材,管線材料,明管,,,0.018,0.015,0.011,,
ABS管,"ABS P 1 1/4""*3.0m/m",M,管材,管線材料,明管,,,0.024,0.02,0.015,,
ABS管,"ABS P 1 1/2""*2.5m/m",M,管材,管線材料,明管,,,0.026,0.023,0.017,,
ABS管,"ABS P 1 1/2""*3.7m/m",M,管材,管線材料,明管,,,0.034,0.028,0.021,,
ABS管,"ABS P 2""*3.2m/m",M,管材,管線材料,明管,,,0.042,0.035,0.026,,
ABS管,"ABS P 2""*4.8m/m",M,管材,管線材料,明管,,,0.048,0.04,0.03,,
ABS管,"ABS P 2 1/2""*2.5m/m",M,管材,管線材料,明管,,,0.054,0.045,0.034,,
ABS管,"ABS P 2 1/2""*3.8m/m",M,管材,管線材料,明管,,,0.057,0.048,0.036,,
ABS管,"ABS P 2 1/2""*5.7m/m",M,管材,管線材料,明管,,,0.062,0.052,0.039,,
ABS管,"ABS P 3""*3.0m/m",M,管材,管線材料,明管,,,0.062,0.051,0.038,,
ABS管,"ABS P 3""*4.5m/m",M,管材,管線材料,明管,,,0.07,0.058,0.044,,
ABS管,"ABS P 3""*6.8m/m",M,管材,管線材料,明管,,,0.081,0.068,0.052,,
ABS管,"ABS P 4""*3.5m/m",M,管材,管線材料,明管,,,0.074,0.062,0.046,,
ABS管,"ABS P 4""*5.5m/m",M,管材,管線材料,明管,,,0.082,0.068,0.055,,
ABS管,"ABS P 4""*8.2m/m",M,管材,管線材料,明管,,,0.092,0.076,0.058,,
ABS管,"ABS P 5""*4.0m/m",M,管材,管線材料,明管,,,0.096,0.08,0.062,,
ABS管,"ABS P 5""*6.2m/m",M,管材,管線材料,明管,,,0.105,0.088,0.066,,
ABS管,"ABS P 5""*9.3m/m",M,管材,管線材料,明管,,,0.115,0.094,0.07,,
ABS管,"ABS P 6""*5.0m/m",M,管材,管線材料,明管,,,0.118,0.096,0.072,,
ABS管,"ABS P 6""*8.0m/m",M,管材,管線材料,明管,,,0.134,0.112,0.085,,
ABS管,"ABS P 6""* 12m/m",M,管材,管線材料,明管,,,0.15,0.126,0.095,,
ABS管,"ABS P 8""* 10m/m",M,管材,管線材料,明管,,,0.22,0.186,0.145,,
ABS管,"ABS P 8""* 15m/m",M,管材,管線材料,明管,,,0.241,0.21,0.158,,
ABS管,"ABS P 10""* 12m/m",M,管材,管線材料,明管,,,0.253,0.22,0.165,,
ABS管,"ABS P 10""* 18m/m",M,管材,管線材料,明管,,,0.325,0.285,0.214,,
ABS管,"ABS P 12""* 15m/m",M,管材,管線材料,明管,,,0.335,0.295,0.222,,
ABS管,"ABS P 12""*21.5m/m",M,管材,管線材料,明管,,,0.345,0.3,0.225,,
開泰管,"開泰管 3/8""",M,管材,管線材料,明管,,,0.025,0.02,0.015,,
開泰管,"開泰管 1/2""",M,管材,管線材料,明管,,,0.03,0.025,0.019,,
開泰管,"開泰管 3/4""",M,管材,管線材料,明管,,,0.038,0.032,0.024,,
開泰管,"開泰管 1""",M,管材,管線材料,明管,,,0.045,0.038,0.029,,
CD合成樹脂管,"CD管 1/2""",M,管材,管線材料,明管,,,0.008,0.007,0.006,,
CD合成樹脂管,"CD管 3/4""",M,管材,管線材料,明管,,,0.012,0.01,0.009,,
CD合成樹脂管,"CD管 1""",M,管材,管線材料,明管,,,0.018,0.015,0.012,,
CD合成樹脂管,"CD管 1 1/4""",M,管材,管線材料,明管,,,0.021,0.017,0.015,,
CD合成樹脂管,"CD管 1 1/2""",M,管材,管線材料,明管,,,0.029,0.024,0.018,,
CD合成樹脂管,"CD管 2""",M,管材,管線材料,明管,,,0.036,0.027,0.02,,
CD合成樹脂管,"CD管 2 1/2""",M,管材,管線材料,明管,,,0.045,0.032,0.024,,
CD合成樹脂管,"CD管 3""",M,管材,管線材料,明管,,,0.053,0.04,0.03,,
軟管,"PVC軟管 1/2""",M,管材,管線材料,明管,,,0.017,0.015,0.012,,
軟管,"PVC軟管 3/4""",M,管材,管線材料,明管,,,0.025,0.022,0.018,,
軟管,"PVC軟管 1""",M,管材,管線材料,明管,,,0.034,0.03,0.025,,
軟管,"PVC軟管 1 1/4""",M,管材,管線材料,明管,,,0.039,0.034,0.029,,
軟管,"PVC軟管 1 1/2""",M,管材,管線材料,明管,,,0.044,0.039,0.033,,
軟管,"PVC軟管 2""",M,管材,管線材料,明管,,,0.052,0.045,0.038,,
軟管,"PVC軟管 2 1/2""",M,管材,管線材料,明管,,,0.059,0.053,0.044,,
軟管,"PVC軟管 3""",M,管材,管線材料,明管,,,0.068,0.061,0.051,,
軟管,"不銹鋼軟管 1/2""",M,管材,管線材料,明管,,,0.028,0.025,0.021,,
軟管,"不銹鋼軟管 3/4""",M,管材,管線材料,明管,,,0.036,0.032,0.026,,
軟管,"不銹鋼軟管 1""",M,管材,管線材料,明管,,,0.05,0.045,0.037,,
軟管,"不銹鋼軟管 1 1/4""",M,管材,管線材料,明管,,,0.065,0.058,0.048,,
軟管,"不銹鋼軟管 1 1/2""",M,管材,管線材料,明管,,,0.072,0.065,0.053,,
軟管,"不銹鋼軟管 2""",M,管材,管線材料,明管,,,0.085,0.076,0.063,,
軟管,"不銹鋼軟管 2 1/2""",M,管材,管線材料,明管,,,0.101,0.091,0.075,,
軟管,"不銹鋼軟管 3""",M,管材,管線材料,明管,,,0.116,0.106,0.087,,
大管徑,１２”,M,管材,管線材料,明管,,,0.41,0.3485,0.2962,,
大管徑,１４”,M,管材,管線材料,明管,,,0.44,0.374,0.3179,,
大管徑,１６”,M,管材,管線材料,明管,,,0.55,0.4675,0.3974,,
大管徑,２０”,M,管材,管線材料,明管,,,0.675,0.5737,0.4877,,
大管徑,２４”,M,管材,管線材料,明管,,,0.83,0.7055,0.5997,,
大管徑,２８”,M,管材,管線材料,明管,,,0.985,0.8372,0.7117,,
大管徑,３２”,M,管材,管線材料,明管,,,1.145,0.9732,0.8273,,
大管徑,３６”,M,管材,管線材料,明管,,,1.305,1.1092,0.9429,,
大管徑,４０”,M,管材,管線材料,明管,,,1.495,1.2708,1.0801,,
大管徑,４４”,M,管材,管線材料,明管,,,1.75,1.4875,1.2644,,
大管徑,４８”,M,管材,管線材料,明管,,,1.965,1.6703,1.4197,,
大管徑,５４”,M,管材,管線材料,明管,,,2.195,1.8657,1.5859,,
大管徑,６０”,M,管材,管線材料,明管,,,2.435,2.0697,1.7593,,
PVC電線,PVC W 1.2 m/m,M,電線,管線材料,管內,,,0.003,0.002,0.002,,
PVC電線,PVC W 1.6 m/m,M,電線,管線材料,管內,,,0.003,0.002,0.002,,
PVC電線,PVC W 2.0 m/m,M,電線,管線材料,管內,,,0.004,0.003,0.002,,
PVC電線,PVC W 5.5 m/m2,M,電線,管線材料,管內,,,0.006,0.005,0.004,,
PVC電線,PVC W 8.0 m/m2,M,電線,管線材料,管內,,,0.007,0.006,0.005,,
PVC電線,PVC W 14 m/m2,M,電線,管線材料,管內,,,0.008,0.007,0.006,,
PVC電線,PVC W 22 m/m2,M,電線,管線材料,管內,,,0.01,0.009,0.008,,
PVC電線,PVC W 30 m/m2,M,電線,管線材料,管內,,,0.013,0.011,0.009,,
PVC電線,PVC W 38 m/m2,M,電線,管線材料,管內,,,0.015,0.013,0.011,,
PVC電線,PVC W 50 m/m2,M,電線,管線材料,管內,,,0.016,0.014,0.012,,
PVC電線,PVC W 60 m/m2,M,電線,管線材料,管內,,,0.021,0.018,0.015,,
PVC電線,PVC W 80 m/m2,M,電線,管線材料,管內,,,0.025,0.021,0.017,,
PVC電線,PVC W 100 m/m2,M,電線,管線材料,管內,,,0.034,0.028,0.024,,
PVC電線,PVC W 125 m/m2,M,電線,管線材料,管內,,,0.036,0.03,0.025,,
PVC電線,PVC W 150 m/m2,M,電線,管線材料,管內,,,0.045,0.038,0.032,,
PVC電線,PVC W 200 m/m2,M,電線,管線材料,管內,,,0.051,0.043,0.036,,
PVC電線,PVC W 250 m/m2,M,電線,管線材料,管內,,,0.058,0.051,0.043,,
PVC電線,PVC W 325 m/m2,M,電線,管線材料,管內,,,0.095,0.085,0.072,,
PVC電線,3C 2V 同軸電纜,M,電線,管線材料,管內,,,0.008,0.005,0.004,,
PVC電線,5C 2V 同軸電纜,M,電線,管線材料,管內,,,0.01,0.006,0.005,,
PVC電線,7C 2V 同軸電纜,M,電線,管線材料,管內,,,0.012,0.008,0.007,,
PVC電線,0.5 * 4P 數位電纜,M,電線,管線材料,管內,,,0.007,0.005,0.003,,
PVC電線,BCW 14m/m2,M,電線,管線材料,管內,,,0.009,0.008,0.007,,
PVC電線,BCW 60m/m2,M,電線,管線材料,管內,,,0.021,0.018,0.015,,
PVC電線,BCW 100m/m2,M,電線,管線材料,管內,,,0.036,0.03,0.025,,
PVC電線,BCW 250m/m2,M,電線,管線材料,管內,,,0.069,0.058,0.049,,
其他線材,0.4m/m * 100P 數位電纜,M,電線,管線材料,管內,,,0.04,0.035,0.026,,
其他線材,0.4m/m * 200P 數位電纜,M,電線,管線材料,管內,,,0.063,0.055,0.041,,
其他線材,0.4m/m * 400P 數位電纜,M,電線,管線材料,管內,,,0.085,0.075,0.055,,
其他線材,0.5m/m * 2P 數位電纜,M,電線,管線材料,管內,,,0.004,0.003,0.002,,
其他線材,0.5m/m * 4P 數位電纜,M,電線,管線材料,管內,,,0.007,0.005,0.003,,
其他線材,0.5m/m * 7P 數位電纜,M,電線,管線材料,管內,,,0.009,0.007,0.005,,
其他線材,0.5m/m * 10P 數位電纜,M,電線,管線材料,管內,,,0.013,0.01,0.008,,
其他線材,0.5m/m * 20P 數位電纜,M,電線,管線材料,管內,,,0.017,0.015,0.011,,
其他線材,0.5m/m * 30P 數位電纜,M,電線,管線材料,管內,,,0.023,0.02,0.014,,
其他線材,0.5m/m * 50P 數位電纜,M,電線,管線材料,管內,,,0.04,0.035,0.026,,
其他線材,0.5m/m * 100P 數位電纜,M,電線,管線材料,管內,,,0.046,0.04,0.03,,
其他線材,0.5m/m * 200P 數位電纜,M,電線,管線材料,管內,,,0.069,0.06,0.048,,
其他線材,0.5m/m * 300P 數位電纜,M,電線,管線材料,管內,,,0.086,0.075,0.056,,
其他線材,0.5m/m * 400P 數位電纜,M,電線,管線材料,管內,,,0.103,0.09,0.065,,
其他線材,３Ｃ２Ｖ同軸電纜,M,電線,管線材料,管內,,,0.008,0.005,0.004,,
其他線材,５Ｃ２Ｖ同軸電纜,M,電線,管線材料,管內,,,0.01,0.006,0.005,,
其他線材,７Ｃ２Ｖ同軸電纜,M,電線,管線材料,管內,,,0.012,0.008,0.007,,
PVC電纜線,２Ｃ PVC 電纜 1.25 m/m2,M,電線,管線材料,管內,,,0.005,0.004,0.003,,
PVC電纜線,２Ｃ PVC 電纜 1.6 m/m2,M,電線,管線材料,管內,,,0.006,0.005,0.004,,
PVC電纜線,２Ｃ PVC 電纜 2.0 m/m2,M,電線,管線材料,管內,,,0.007,0.006,0.005,,
PVC電纜線,２Ｃ PVC 電纜 3.5 m/m2,M,電線,管線材料,管內,,,0.008,0.007,0.006,,
PVC電纜線,２Ｃ PVC 電纜 5.5 m/m2,M,電線,管線材料,管內,,,0.009,0.008,0.007,,
PVC電纜線,２Ｃ PVC 電纜 8 m/m2,M,電線,管線材料,管內,,,0.01,0.009,0.008,,
PVC電纜線,２Ｃ PVC 電纜 14 m/m2,M,電線,管線材料,管內,,,0.014,0.012,0.009,,
PVC電纜線,２Ｃ PVC 電纜 22 m/m2,M,電線,管線材料,管內,,,0.018,0.016,0.012,,
PVC電纜線,２Ｃ PVC 電纜 30 m/m2,M,電線,管線材料,管內,,,0.021,0.018,0.014,,
PVC電纜線,２Ｃ PVC 電纜 38 m/m2,M,電線,管線材料,管內,,,0.026,0.022,0.016,,
PVC電纜線,２Ｃ PVC 電纜 50 m/m2,M,電線,管線材料,管內,,,0.032,0.028,0.021,,
PVC電纜線,２Ｃ PVC 電纜 60 m/m2,M,電線,管線材料,管內,,,0.037,0.032,0.024,,
PVC電纜線,２Ｃ PVC 電纜 80 m/m2,M,電線,管線材料,管內,,,0.044,0.038,0.028,,
PVC電纜線,２Ｃ PVC 電纜 100 m/m2,M,電線,管線材料,管內,,,0.052,0.045,0.034,,
PVC電纜線,２Ｃ PVC 電纜 125 m/m2,M,電線,管線材料,管內,,,0.06,0.052,0.039,,
PVC電纜線,２Ｃ PVC 電纜 150 m/m2,M,電線,管線材料,管內,,,0.075,0.065,0.049,,
PVC電纜線,２Ｃ PVC 1.6 m/m2 白扁線,M,電線,管線材料,管內,,,0.006,0.005,0.004,,
PVC電纜線,２Ｃ PVC 2.0 m/m2 白扁線,M,電線,管線材料,管內,,,0.007,0.006,0.005,,
PVC電纜線,３Ｃ PVC 電纜 1.25 m/m2,M,電線,管線材料,管內,,,0.006,0.005,0.004,,
PVC電纜線,３Ｃ PVC 電纜 1.6 m/m2,M,電線,管線材料,管內,,,0.007,0.006,0.005,,
PVC電纜線,３Ｃ PVC 電纜 2.0 m/m2,M,電線,管線材料,管內,,,0.008,0.007,0.006,,
PVC電纜線,３Ｃ PVC 電纜 3.5 m/m2,M,電線,管線材料,管內,,,0.009,0.008,0.007,,
PVC電纜線,３Ｃ PVC 電纜 5.5 m/m2,M,電線,管線材料,管內,,,0.012,0.01,0.009,,
PVC電纜線,３Ｃ PVC 電纜 8 m/m2,M,電線,管線材料,管內,,,0.014,0.012,0.01,,
PVC電纜線,３Ｃ PVC 電纜 14 m/m2,M,電線,管線材料,管內,,,0.018,0.016,0.012,,
PVC電纜線,３Ｃ PVC 電纜 22 m/m2,M,電線,管線材料,管內,,,0.026,0.022,0.016,,
PVC電纜線,３Ｃ PVC 電纜 30 m/m2,M,電線,管線材料,管內,,,0.028,0.024,0.018,,
PVC電纜線,３Ｃ PVC 電纜 38 m/m2,M,電線,管線材料,管內,,,0.034,0.028,0.021,,
PVC電纜線,３Ｃ PVC 電纜 50 m/m2,M,電線,管線材料,管內,,,0.037,0.032,0.024,,
PVC電纜線,３Ｃ PVC 電纜 60 m/m2,M,電線,管線材料,管內,,,0.048,0.042,0.032,,
PVC電纜線,３Ｃ PVC 電纜 80 m/m2,M,電線,管線材料,管內,,,0.051,0.044,0.034,,
PVC電纜線,３Ｃ PVC 電纜 100 m/m2,M,電線,管線材料,管內,,,0.059,0.052,0.039,,
PVC電纜線,３Ｃ PVC 電纜 125 m/m2,M,電線,管線材料,管內,,,0.072,0.062,0.046,,
PVC電纜線,３Ｃ PVC 電纜 150 m/m2,M,電線,管線材料,管內,,,0.086,0.075,0.056,,
PVC電纜線,４Ｃ PVC 電纜 1.25 m/m2,M,電線,管線材料,管內,,,0.007,0.007,0.006,,
PVC電纜線,４Ｃ PVC 電纜 1.6 m/m2,M,電線,管線材料,管內,,,0.008,0.008,0.007,,
PVC電纜線,４Ｃ PVC 電纜 2.0 m/m2,M,電線,管線材料,管內,,,0.01,0.01,0.009,,
PVC電纜線,４Ｃ PVC 電纜 3.5 m/m2,M,電線,管線材料,管內,,,0.014,0.012,0.011,,
PVC電纜線,４Ｃ PVC 電纜 5.5 m/m2,M,電線,管線材料,管內,,,0.018,0.016,0.012,,
PVC電纜線,４Ｃ PVC 電纜 8 m/m2,M,電線,管線材料,管內,,,0.022,0.018,0.014,,
PVC電纜線,４Ｃ PVC 電纜 14 m/m2,M,電線,管線材料,管內,,,0.026,0.024,0.018,,
PVC電纜線,４Ｃ PVC 電纜 22 m/m2,M,電線,管線材料,管內,,,0.034,0.03,0.024,,
PVC電纜線,４Ｃ PVC 電纜 30 m/m2,M,電線,管線材料,管內,,,0.041,0.036,0.027,,
PVC電纜線,４Ｃ PVC 電纜 38 m/m2,M,電線,管線材料,管內,,,0.046,0.04,0.03,,
PVC電纜線,４Ｃ PVC 電纜 50 m/m2,M,電線,管線材料,管內,,,0.055,0.048,0.036,,
PVC電纜線,４Ｃ PVC 電纜 60 m/m2,M,電線,管線材料,管內,,,0.064,0.056,0.041,,
PVC電纜線,４Ｃ PVC 電纜 80 m/m2,M,電線,管線材料,管內,,,0.071,0.062,0.047,,
PVC電纜線,４Ｃ PVC 電纜 100 m/m2,M,電線,管線材料,管內,,,0.078,0.068,0.051,,
PVC電纜線,４Ｃ PVC 電纜 125 m/m2,M,電線,管線材料,管內,,,0.092,0.08,0.06,,
PVC電纜線,４Ｃ PVC 電纜 150 m/m2,M,電線,管線材料,管內,,,0.106,0.092,0.069,,
XLPE電纜,１Ｃ XLPE 電力電纜 2.0 m/m2,M,電線,管線材料,管內,,,0.005,0.004,0.003,,
XLPE電纜,１Ｃ XLPE 電力電纜 3.5 m/m2,M,電線,管線材料,管內,,,0.006,0.005,0.004,,
XLPE電纜,１Ｃ XLPE 電力電纜 5.5 m/m2,M,電線,管線材料,管內,,,0.009,0.008,0.007,,
XLPE電纜,１Ｃ XLPE 電力電纜 8 m/m2,M,電線,管線材料,管內,,,0.012,0.01,0.008,,
XLPE電纜,１Ｃ XLPE 電力電纜 14 m/m2,M,電線,管線材料,管內,,,0.014,0.012,0.01,,
XLPE電纜,１Ｃ XLPE 電力電纜 22 m/m2,M,電線,管線材料,管內,,,0.018,0.015,0.011,,
XLPE電纜,１Ｃ XLPE 電力電纜 30 m/m2,M,電線,管線材料,管內,,,0.022,0.018,0.014,,
XLPE電纜,１Ｃ XLPE 電力電纜 38 m/m2,M,電線,管線材料,管內,,,0.025,0.021,0.015,,
XLPE電纜,１Ｃ XLPE 電力電纜 50 m/m2,M,電線,管線材料,管內,,,0.029,0.023,0.017,,
XLPE電纜,１Ｃ XLPE 電力電纜 60 m/m2,M,電線,管線材料,管內,,,0.033,0.029,0.022,,
XLPE電纜,１Ｃ XLPE 電力電纜 80 m/m2,M,電線,管線材料,管內,,,0.04,0.035,0.026,,
XLPE電纜,１Ｃ XLPE 電力電纜 100 m/m2,M,電線,管線材料,管內,,,0.053,0.046,0.035,,
XLPE電纜,１Ｃ XLPE 電力電纜 125 m/m2,M,電線,管線材料,管內,,,0.062,0.054,0.039,,
XLPE電纜,１Ｃ XLPE 電力電纜 150 m/m2,M,電線,管線材料,管內,,,0.065,0.057,0.043,,
XLPE電纜,１Ｃ XLPE 電力電纜 200 m/m2,M,電線,管線材料,管內,,,0.074,0.065,0.049,,
XLPE電纜,１Ｃ XLPE 電力電纜 250 m/m2,M,電線,管線材料,管內,,,0.086,0.075,0.056,,
XLPE電纜,１Ｃ XLPE 電力電纜 325 m/m2,M,電線,管線材料,管內,,,0.134,0.117,0.088,,
XLPE電纜,１Ｃ XLPE 電力電纜 400 m/m2,M,電線,管線材料,管內,,,0.147,0.128,0.096,,
XLPE電纜,１Ｃ XLPE 電力電纜 500 m/m2,M,電線,管線材料,管內,,,0.177,0.154,0.116,,
XLPE電纜,１Ｃ XLPE 電力電纜 600 m/m2,M,電線,管線材料,管內,,,0.211,0.185,0.139,,
XLPE電纜,１Ｃ XLPE 電力電纜 725 m/m2,M,電線,管線材料,管內,,,0.253,0.22,0.165,,
XLPE電纜,１Ｃ XLPE 電力電纜 800 m/m2,M,電線,管線材料,管內,,,0.299,0.26,0.195,,
XLPE電纜,１Ｃ XLPE 電力電纜 1000 m/m2,M,電線,管線材料,管內,,,0.363,0.315,0.236,,
XLPE電纜,３Ｃ XLPE 電力電纜 2.0 m/m2,M,電線,管線材料,管內,,,0.008,0.007,0.005,,
XLPE電纜,３Ｃ XLPE 電力電纜 3.5 m/m2,M,電線,管線材料,管內,,,0.009,0.008,0.006,,
XLPE電纜,３Ｃ XLPE 電力電纜 5.5 m/m2,M,電線,管線材料,管內,,,0.014,0.013,0.01,,
XLPE電纜,３Ｃ XLPE 電力電纜 8 m/m2,M,電線,管線材料,管內,,,0.017,0.016,0.012,,
XLPE電纜,３Ｃ XLPE 電力電纜 14 m/m2,M,電線,管線材料,管內,,,0.018,0.017,0.013,,
XLPE電纜,３Ｃ XLPE 電力電纜 22 m/m2,M,電線,管線材料,管內,,,0.029,0.025,0.019,,
XLPE電纜,３Ｃ XLPE 電力電纜 30 m/m2,M,電線,管線材料,管內,,,0.032,0.03,0.023,,
XLPE電纜,３Ｃ XLPE 電力電纜 38 m/m2,M,電線,管線材料,管內,,,0.036,0.034,0.026,,
XLPE電纜,３Ｃ XLPE 電力電纜 50 m/m2,M,電線,管線材料,管內,,,0.043,0.038,0.029,,
XLPE電纜,３Ｃ XLPE 電力電纜 60 m/m2,M,電線,管線材料,管內,,,0.053,0.045,0.034,,
XLPE電纜,３Ｃ XLPE 電力電纜 80 m/m2,M,電線,管線材料,管內,,,0.06,0.053,0.04,,
XLPE電纜,３Ｃ XLPE 電力電纜 100 m/m2,M,電線,管線材料,管內,,,0.079,0.069,0.052,,
XLPE電纜,３Ｃ XLPE 電力電纜 125 m/m2,M,電線,管線材料,管內,,,0.093,0.081,0.061,,
XLPE電纜,３Ｃ XLPE 電力電纜 150 m/m2,M,電線,管線材料,管內,,,0.098,0.085,0.064,,
XLPE電纜,３Ｃ XLPE 電力電纜 200 m/m2,M,電線,管線材料,管內,,,0.109,0.095,0.071,,
XLPE電纜,３Ｃ XLPE 電力電纜 250 m/m2,M,電線,管線材料,管內,,,0.129,0.112,0.084,,
XLPE電纜,３Ｃ XLPE 電力電纜 325 m/m2,M,電線,管線材料,管內,,,0.185,0.16,0.12,,
XLPE電纜,３Ｃ XLPE 電力電纜 400 m/m2,M,電線,管線材料,管內,,,0.243,0.211,0.158,,
XLPE電纜,３Ｃ XLPE 電力電纜 500 m/m2,M,電線,管線材料,管內,,,0.292,0.254,0.191,,
XLPE電纜,３Ｃ XLPE 電力電纜 600 m/m2,M,電線,管線材料,管內,,,0.328,0.285,0.211,,
XLPE電纜,３Ｃ XLPE 電力電纜 725 m/m2,M,電線,管線材料,管內,,,0.405,0.352,0.264,,
XLPE電纜,３Ｃ XLPE 電力電纜 800 m/m2,M,電線,管線材料,管內,,,0.454,0.395,0.296,,
XLPE電纜,３Ｃ XLPE 電力電纜 1000 m/m2,M,電線,管線材料,管內,,,0.546,0.475,0.356,,
通信電纜線,０．５ｍ／ｍ ２Ｃ,M,電線,管線材料,管內,,,0.0018,0.0015,0.001,,
通信電纜線,０．５ｍ／ｍ ３Ｃ,M,電線,管線材料,管內,,,0.003,0.002,0.001,,
通信電纜線,０．５ｍ／ｍ ４Ｃ,M,電線,管線材料,管內,,,0.003,0.002,0.001,,
通信電纜線,０．５ｍ／ｍ ５Ｃ,M,電線,管線材料,管內,,,0.004,0.003,0.002,,
通信電纜線,０．５ｍ／ｍ ６Ｃ,M,電線,管線材料,管內,,,0.005,0.004,0.003,,
通信電纜線,０．５ｍ／ｍ ８Ｃ,M,電線,管線材料,管內,,,0.007,0.005,0.003,,
通信電纜線,０．５ｍ／ｍ ９Ｃ,M,電線,管線材料,管內,,,0.008,0.007,0.006,,
通信電纜線,０．５ｍ／ｍ ５Ｐ,M,電線,管線材料,管內,,,0.009,0.008,0.007,,
通信電纜線,０．５ｍ／ｍ １０Ｐ,M,電線,管線材料,管內,,,0.013,0.01,0.008,,
通信電纜線,０．５ｍ／ｍ １２Ｐ,M,電線,管線材料,管內,,,0.013,0.012,0.01,,
通信電纜線,０．５ｍ／ｍ １５Ｐ,M,電線,管線材料,管內,,,0.014,0.013,0.011,,
通信電纜線,０．５ｍ／ｍ １８Ｐ,M,電線,管線材料,管內,,,0.015,0.014,0.012,,
通信電纜線,０．５ｍ／ｍ ２０Ｐ,M,電線,管線材料,管內,,,0.017,0.015,0.011,,
通信電纜線,０．５ｍ／ｍ ２４Ｐ,M,電線,管線材料,管內,,,0.019,0.018,0.016,,
通信電纜線,０．５ｍ／ｍ ３０Ｐ,M,電線,管線材料,管內,,,0.023,0.02,0.014,,
通信電纜線,０．５ｍ／ｍ ５０Ｐ,M,電線,管線材料,管內,,,0.04,0.035,0.026,,
通信電纜線,０．５ｍ／ｍ １００Ｐ,M,電線,管線材料,管內,,,0.046,0.04,0.03,,
通信電纜線,０．５ｍ／ｍ ２００Ｐ,M,電線,管線材料,管內,,,0.069,0.06,0.048,,
通信電纜線,０．５ｍ／ｍ ３００Ｐ,M,電線,管線材料,管內,,,0.086,0.075,0.056,,
通信電纜線,０．５ｍ／ｍ ４００Ｐ,M,電線,管線材料,管內,,,0.103,0.09,0.065,,
通信電纜線,０．５ｍ／ｍ ６００Ｐ,M,電線,管線材料,管內,,,0.735,0.126,0.105,,
通信電纜線,０．６５ｍ／ｍ ２Ｃ,M,電線,管線材料,管內,,,0.003,0.002,0.0015,,
通信電纜線,０．６５ｍ／ｍ ３Ｃ,M,電線,管線材料,管內,,,0.003,0.002,0.0015,,
通信電纜線,０．６５ｍ／ｍ ４Ｃ,M,電線,管線材料,管內,,,0.004,0.003,0.002,,
通信電纜線,０．６５ｍ／ｍ ５Ｃ,M,電線,管線材料,管內,,,0.005,0.004,0.003,,
通信電纜線,０．６５ｍ／ｍ ６Ｃ,M,電線,管線材料,管內,,,0.006,0.005,0.003,,
通信電纜線,０．６５ｍ／ｍ ８Ｃ,M,電線,管線材料,管內,,,0.007,0.006,0.004,,
通信電纜線,０．６５ｍ／ｍ ９Ｃ,M,電線,管線材料,管內,,,0.008,0.007,0.006,,
通信電纜線,０．６５ｍ／ｍ ５Ｐ,M,電線,管線材料,管內,,,0.009,0.008,0.006,,
通信電纜線,０．６５ｍ／ｍ １０Ｐ,M,電線,管線材料,管內,,,0.013,0.011,0.008,,
通信電纜線,０．６５ｍ／ｍ １２Ｐ,M,電線,管線材料,管內,,,0.014,0.013,0.009,,
通信電纜線,０．６５ｍ／ｍ １５Ｐ,M,電線,管線材料,管內,,,0.017,0.015,0.011,,
通信電纜線,０．６５ｍ／ｍ １８Ｐ,M,電線,管線材料,管內,,,0.018,0.016,0.012,,
通信電纜線,０．６５ｍ／ｍ ２０Ｐ,M,電線,管線材料,管內,,,0.02,0.018,0.014,,
通信電纜線,０．６５ｍ／ｍ ２４Ｐ,M,電線,管線材料,管內,,,0.022,0.02,0.016,,
通信電纜線,０．６５ｍ／ｍ ３０Ｐ,M,電線,管線材料,管內,,,0.025,0.023,0.019,,
通信電纜線,０．６５ｍ／ｍ ５０Ｐ,M,電線,管線材料,管內,,,0.043,0.04,0.032,,
通信電纜線,０．６５ｍ／ｍ １００Ｐ,M,電線,管線材料,管內,,,0.048,0.045,0.04,,
通信電纜線,０．６５ｍ／ｍ ２００Ｐ,M,電線,管線材料,管內,,,0.075,0.07,0.061,,
通信電纜線,０．６５ｍ／ｍ ３００Ｐ,M,電線,管線材料,管內,,,0.085,0.082,0.075,,
通信電纜線,０．６５ｍ／ｍ ４００Ｐ,M,電線,管線材料,管內,,,0.11,0.102,0.09,,
通信電纜線,０．６５ｍ／ｍ ６００Ｐ,M,電線,管線材料,管內,,,0.129,0.12,0.101,,
通信電纜線,０．９ｍ／ｍ ２Ｃ,M,電線,管線材料,管內,,,0.005,0.004,0.003,,
通信電纜線,０．９ｍ／ｍ ３Ｃ,M,電線,管線材料,管內,,,0.006,0.005,0.004,,
通信電纜線,０．９ｍ／ｍ ４Ｃ,M,電線,管線材料,管內,,,0.007,0.006,0.005,,
通信電纜線,０．９ｍ／ｍ ５Ｃ,M,電線,管線材料,管內,,,0.008,0.007,0.006,,
通信電纜線,０．９ｍ／ｍ ６Ｃ,M,電線,管線材料,管內,,,0.009,0.008,0.007,,
通信電纜線,０．９ｍ／ｍ ８Ｃ,M,電線,管線材料,管內,,,0.011,0.009,0.008,,
通信電纜線,０．９ｍ／ｍ ９Ｃ,M,電線,管線材料,管內,,,0.013,0.01,0.009,,
通信電纜線,０．９ｍ／ｍ ５Ｐ,M,電線,管線材料,管內,,,0.013,0.011,0.01,,
通信電纜線,０．９ｍ／ｍ １０Ｐ,M,電線,管線材料,管內,,,0.015,0.013,0.011,,
通信電纜線,０．９ｍ／ｍ １２Ｐ,M,電線,管線材料,管內,,,0.016,0.014,0.012,,
通信電纜線,０．９ｍ／ｍ １５Ｐ,M,電線,管線材料,管內,,,0.019,0.017,0.013,,
通信電纜線,０．９ｍ／ｍ １８Ｐ,M,電線,管線材料,管內,,,0.021,0.018,0.014,,
通信電纜線,０．９ｍ／ｍ ２０Ｐ,M,電線,管線材料,管內,,,0.023,0.02,0.016,,
通信電纜線,０．９ｍ／ｍ ２４Ｐ,M,電線,管線材料,管內,,,0.025,0.022,0.018,,
通信電纜線,０．９ｍ／ｍ ３０Ｐ,M,電線,管線材料,管內,,,0.035,0.03,0.024,,
通信電纜線,０．９ｍ／ｍ ５０Ｐ,M,電線,管線材料,管內,,,0.051,0.045,0.039,,
通信電纜線,０．９ｍ／ｍ １００Ｐ,M,電線,管線材料,管內,,,0.055,0.05,0.041,,
通信電纜線,０．９ｍ／ｍ ２００Ｐ,M,電線,管線材料,管內,,,0.085,0.075,0.065,,
通信電纜線,０．９ｍ／ｍ ３００Ｐ,M,電線,管線材料,管內,,,0.098,0.09,0.076,,
通信電纜線,０．９ｍ／ｍ ４００Ｐ,M,電線,管線材料,管內,,,0.119,0.11,0.095,,
通信電纜線,０．９ｍ／ｍ ６００Ｐ,M,電線,管線材料,管內,,,0.143,0.135,0.115,,
PVC耐熱耐火電線,PVC W 1.2 m/m 380℃,M,電線,管線材料,管內,,,0.004,0.003,0.003,,
PVC耐熱耐火電線,PVC W 1.6 m/m 380℃,M,電線,管線材料,管內,,,0.004,0.003,0.003,,
PVC耐熱耐火電線,PVC W 2.0 m/m 380℃,M,電線,管線材料,管內,,,0.004,0.003,0.003,,
PVC耐熱耐火電線,PVC W 3.5 m/㎡ 380℃,M,電線,管線材料,管內,,,0.005,0.004,0.004,,
PVC耐熱耐火電線,PVC W 5.5 m/㎡ 380℃,M,電線,管線材料,管內,,,0.006,0.005,0.004,,
PVC耐熱耐火電線,PVC W 8.0 m/㎡ 380℃,M,電線,管線材料,管內,,,0.008,0.007,0.006,,
PVC耐熱耐火電線,PVC W 14 m/㎡ 380℃,M,電線,管線材料,管內,,,0.012,0.01,0.008,,
PVC耐熱耐火電線,PVC W 22 m/㎡ 380℃,M,電線,管線材料,管內,,,0.014,0.012,0.01,,
PVC耐熱耐火電線,PVC W 30 m/㎡ 380℃,M,電線,管線材料,管內,,,0.016,0.015,0.013,,
PVC耐熱耐火電線,PVC W 38 m/㎡ 380℃,M,電線,管線材料,管內,,,0.02,0.018,0.016,,
PVC耐熱耐火電線,PVC W 50 m/㎡ 380℃,M,電線,管線材料,管內,,,0.022,0.02,0.018,,
PVC耐熱耐火電線,PVC W 60 m/㎡ 380℃,M,電線,管線材料,管內,,,0.026,0.024,0.022,,
PVC耐熱耐火電線,PVC W 80 m/㎡ 380℃,M,電線,管線材料,管內,,,0.03,0.028,0.026,,
PVC耐熱耐火電線,PVC W 100 m/㎡ 380℃,M,電線,管線材料,管內,,,0.036,0.034,0.032,,
PVC耐熱耐火電線,PVC W 125 m/㎡ 380℃,M,電線,管線材料,管內,,,0.048,0.046,0.04,,
PVC耐熱耐火電線,PVC W 150 m/㎡ 380℃,M,電線,管線材料,管內,,,0.054,0.05,0.046,,
PVC耐熱耐火電線,PVC W 200 m/㎡ 380℃,M,電線,管線材料,管內,,,0.06,0.056,0.052,,
PVC耐熱耐火電線,PVC W 250 m/㎡ 380℃,M,電線,管線材料,管內,,,0.066,0.062,0.058,,
PVC耐熱耐火電線,PVC W 325 m/㎡ 380℃,M,電線,管線材料,管內,,,0.074,0.07,0.066,,
BUS WAY,銅 ３φ３Ｗ 600A,M,電線,管線材料,—,,,0.292,0.254,0.178,,
BUS WAY,銅 ３φ３Ｗ 800A,M,電線,管線材料,—,,,0.347,0.299,0.209,,
BUS WAY,銅 ３φ３Ｗ 1000A,M,電線,管線材料,—,,,0.392,0.338,0.237,,
BUS WAY,銅 ３φ３Ｗ 1200A,M,電線,管線材料,—,,,0.424,0.365,0.256,,
BUS WAY,銅 ３φ３Ｗ 1350A,M,電線,管線材料,—,,,0.45,0.396,0.278,,
BUS WAY,銅 ３φ３Ｗ 1500A,M,電線,管線材料,—,,,0.493,0.425,0.298,,
BUS WAY,銅 ３φ３Ｗ 1600A,M,電線,管線材料,—,,,0.562,0.484,0.338,,
BUS WAY,銅 ３φ３Ｗ 2000A,M,電線,管線材料,—,,,0.629,0.543,0.38,,
BUS WAY,銅 ３φ３Ｗ 2500A,M,電線,管線材料,—,,,0.865,0.746,0.52,,
BUS WAY,銅 ３φ３Ｗ 3000A,M,電線,管線材料,—,,,1.011,0.872,0.611,,
BUS WAY,銅 ３φ３Ｗ 3500A,M,電線,管線材料,—,,,1.167,1.006,0.704,,
BUS WAY,銅 ３φ３Ｗ 4000A,M,電線,管線材料,—,,,1.293,1.115,0.78,,
BUS WAY,銅 ３φ３Ｗ 5000A,M,電線,管線材料,—,,,1.485,1.28,0.896,,
BUS WAY,銅 ３φ３Ｗ 6000A,M,電線,管線材料,—,,,1.71,1.475,1.03,,
BUS WAY,銅 ３φ４Ｗ 600A,M,電線,管線材料,—,,,0.324,0.279,0.195,,
BUS WAY,銅 ３φ４Ｗ 800A,M,電線,管線材料,—,,,0.381,0.329,0.23,,
BUS WAY,銅 ３φ４Ｗ 1000A,M,電線,管線材料,—,,,0.432,0.372,0.26,,
BUS WAY,銅 ３φ４Ｗ 1200A,M,電線,管線材料,—,,,0.435,0.375,0.263,,
BUS WAY,銅 ３φ４Ｗ 1350A,M,電線,管線材料,—,,,0.466,0.402,0.281,,
BUS WAY,銅 ３φ４Ｗ 1500A,M,電線,管線材料,—,,,0.542,0.467,0.327,,
BUS WAY,銅 ３φ４Ｗ 1600A,M,電線,管線材料,—,,,0.618,0.532,0.372,,
BUS WAY,銅 ３φ４Ｗ 2000A,M,電線,管線材料,—,,,0.686,0.597,0.418,,
BUS WAY,銅 ３φ４Ｗ 2500A,M,電線,管線材料,—,,,1.079,0.931,0.652,,
BUS WAY,銅 ３φ４Ｗ 3000A,M,電線,管線材料,—,,,1.112,0.959,0.672,,
BUS WAY,銅 ３φ４Ｗ 3500A,M,電線,管線材料,—,,,1.289,1.106,0.774,,
BUS WAY,銅 ３φ４Ｗ 4000A,M,電線,管線材料,—,,,1.423,1.227,0.859,,
BUS WAY,銅 ３φ４Ｗ 5000A,M,電線,管線材料,—,,,1.637,1.411,0.987,,
BUS WAY,銅 ３φ４Ｗ 6000A,M,電線,管線材料,—,,,1.966,1.695,1.187,,
BUS WAY,鋁 ３φ３Ｗ 600A,M,電線,管線材料,—,,,0.256,0.221,0.154,,
BUS WAY,鋁 ３φ３Ｗ 800A,M,電線,管線材料,—,,,0.302,0.26,0.182,,
BUS WAY,鋁 ３φ３Ｗ 1000A,M,電線,管線材料,—,,,0.341,0.294,0.205,,
BUS WAY,鋁 ３φ３Ｗ 1200A,M,電線,管線材料,—,,,0.368,0.317,0.222,,
BUS WAY,鋁 ３φ３Ｗ 1350A,M,電線,管線材料,—,,,0.399,0.344,0.241,,
BUS WAY,鋁 ３φ３Ｗ 1500A,M,電線,管線材料,—,,,0.429,0.37,0.259,,
BUS WAY,鋁 ３φ３Ｗ 1600A,M,電線,管線材料,—,,,0.488,0.421,0.295,,
BUS WAY,鋁 ３φ３Ｗ 2000A,M,電線,管線材料,—,,,0.548,0.472,0.33,,
BUS WAY,鋁 ３φ３Ｗ 2500A,M,電線,管線材料,—,,,0.739,0.637,0.446,,
BUS WAY,鋁 ３φ３Ｗ 3000A,M,電線,管線材料,—,,,0.879,0.758,0.53,,
BUS WAY,鋁 ３φ３Ｗ 3500A,M,電線,管線材料,—,,,1.015,0.875,0.613,,
BUS WAY,鋁 ３φ３Ｗ 4000A,M,電線,管線材料,—,,,1.168,1.005,0.704,,
BUS WAY,鋁 ３φ３Ｗ 5000A,M,電線,管線材料,—,,,1.398,1.205,0.844,,
BUS WAY,鋁 ３φ３Ｗ 6000A,M,電線,管線材料,—,,,1.606,1.385,0.969,,
BUS WAY,鋁 ３φ４Ｗ 600A,M,電線,管線材料,—,,,0.282,0.243,0.17,,
BUS WAY,鋁 ３φ４Ｗ 800A,M,電線,管線材料,—,,,0.331,0.286,0.2,,
BUS WAY,鋁 ３φ４Ｗ 1000A,M,電線,管線材料,—,,,0.375,0.323,0.226,,
BUS WAY,鋁 ３φ４Ｗ 1200A,M,電線,管線材料,—,,,0.405,0.349,0.244,,
BUS WAY,鋁 ３φ４Ｗ 1350A,M,電線,管線材料,—,,,0.438,0.378,0.265,,
BUS WAY,鋁 ３φ４Ｗ 1500A,M,電線,管線材料,—,,,0.472,0.407,0.285,,
BUS WAY,鋁 ３φ４Ｗ 1600A,M,電線,管線材料,—,,,0.537,0.463,0.324,,
BUS WAY,鋁 ３φ４Ｗ 2000A,M,電線,管線材料,—,,,0.602,0.519,0.363,,
BUS WAY,鋁 ３φ４Ｗ 2500A,M,電線,管線材料,—,,,0.94,0.811,0.568,,
BUS WAY,鋁 ３φ４Ｗ 3000A,M,電線,管線材料,—,,,0.964,0.834,0.584,,
BUS WAY,鋁 ３φ４Ｗ 3500A,M,電線,管線材料,—,,,1.117,0.963,0.674,,
BUS WAY,鋁 ３φ４Ｗ 4000A,M,電線,管線材料,—,,,1.281,1.105,0.775,,
BUS WAY,鋁 ３φ４Ｗ 5000A,M,電線,管線材料,—,,,1.473,1.27,0.889,,
BUS WAY,鋁 ３φ４Ｗ 6000A,M,電線,管線材料,—,,,1.763,1.52,1.064,,
電纜線架,2MM(厚度) 伸縮直式電纜線架 200W,M,電線,管線材料,—,,,0.15,0.125,0.087,,
電纜線架,2MM(厚度) 伸縮直式電纜線架 300W,M,電線,管線材料,—,,,0.174,0.145,0.109,,
電纜線架,2MM(厚度) 伸縮直式電纜線架 400W,M,電線,管線材料,—,,,0.198,0.165,0.124,,
電纜線架,2MM(厚度) 伸縮直式電纜線架 500W,M,電線,管線材料,—,,,0.222,0.185,0.139,,
電纜線架,2MM(厚度) 伸縮直式電纜線架 600W,M,電線,管線材料,—,,,0.234,0.195,0.144,,
電纜線架,2MM(厚度) 伸縮直式電纜線架 700W,M,電線,管線材料,—,,,0.258,0.215,0.161,,
電纜線架,2MM(厚度) 伸縮直式電纜線架 800W,M,電線,管線材料,—,,,0.271,0.225,0.191,,
電纜線架,2MM(厚度) 伸縮直式電纜線架 900W,M,電線,管線材料,—,,,0.299,0.249,0.187,,
電纜線架,2MM(厚度) 伸縮直式電纜線架 1000W,M,電線,管線材料,—,,,0.345,0.287,0.215,,
電纜線架,3MM(厚度) 伸縮直式電纜線架 200W,M,電線,管線材料,—,,,0.162,0.135,0.1014,,
電纜線架,3MM(厚度) 伸縮直式電纜線架 300W,M,電線,管線材料,—,,,0.234,0.155,0.115,,
電纜線架,3MM(厚度) 伸縮直式電纜線架 400W,M,電線,管線材料,—,,,0.207,0.173,0.129,,
電纜線架,3MM(厚度) 伸縮直式電纜線架 500W,M,電線,管線材料,—,,,0.234,0.195,0.145,,
電纜線架,3MM(厚度) 伸縮直式電纜線架 600W,M,電線,管線材料,—,,,0.246,0.205,0.153,,
電纜線架,3MM(厚度) 伸縮直式電纜線架 700W,M,電線,管線材料,—,,,0.271,0.225,0.169,,
電纜線架,3MM(厚度) 伸縮直式電纜線架 800W,M,電線,管線材料,—,,,0.282,0.235,0.175,,
電纜線架,3MM(厚度) 伸縮直式電纜線架 900W,M,電線,管線材料,—,,,0.318,0.265,0.198,,
電纜線架,3MM(厚度) 伸縮直式電纜線架 1000W,M,電線,管線材料,—,,,0.367,0.305,0.223,,
線槽,W:100mm * D: 50mm,M,電線,管線材料,—,,,0.0938,0.075,0.06,,
線槽,W:100mm * D:100mm,M,電線,管線材料,—,,,0.1,0.08,0.064,,
線槽,W:200mm * D: 50mm,M,電線,管線材料,—,,,0.1187,0.095,0.076,,
線槽,W:200mm * D:100mm,M,電線,管線材料,—,,,0.1313,0.105,0.084,,
線槽,W:300mm * D:100mm,M,電線,管線材料,—,,,0.1438,0.115,0.092,,
線槽,W:300mm * D:150mm,M,電線,管線材料,—,,,0.1562,0.125,0.1,,
線槽,W:400mm * D:100mm,M,電線,管線材料,—,,,0.1688,0.135,0.108,,
線槽,W:400mm * D:150mm,M,電線,管線材料,—,,,0.1812,0.145,0.116,,
線槽,W:500mm * D:100mm,M,電線,管線材料,—,,,0.1875,0.15,0.12,,
線槽,W:500mm * D:200mm,M,電線,管線材料,—,,,0.2063,0.165,0.132,,
線槽,W:600mm * D:150mm,M,電線,管線材料,—,,,0.2188,0.175,0.14,,
線槽,W:600mm * D:200mm,M,電線,管線材料,—,,,0.235,0.188,0.1504,,
線槽,W:700mm * D:200mm,M,電線,管線材料,—,,,0.2562,0.205,0.164,,
線槽,W:700mm * D:300mm,M,電線,管線材料,—,,,0.2812,0.225,0.18,,
線槽,W:800mm * D:200mm,M,電線,管線材料,—,,,0.3063,0.245,0.196,,
線槽,W:800mm * D:300mm,M,電線,管線材料,—,,,0.3562,0.285,0.228,,
線槽,W:900mm * D:300mm,M,電線,管線材料,—,,,0.445,0.356,0.2848,,
線槽,W:900mm * D:400mm,M,電線,管線材料,—,,,0.57,0.456,0.3648,,
線槽,W:1000mm * D:300mm,M,電線,管線材料,—,,,0.6062,0.485,0.388,,
線槽,W:1000mm * D:400mm,M,電線,管線材料,—,,,0.7125,0.57,0.456,,
線槽,地板線槽接線盒 34W*34H*5D CM,M,電線,管線材料,—,,,0.208,0.16,0.112,,
線槽,鋁合金地板線槽 5W*2.5H*1.8D CM,M,電線,管線材料,—,,,0.1625,0.125,0.0875,,
線槽,鍍鋅鋼板地板線槽 5W*2.5H*1.8D CM,M,電線,管線材料,—,,,0.1885,0.145,0.1015,,
線槽,地板標誌蓋,M,電線,管線材料,—,,,0.0975,0.075,0.0525,,
線槽,線槽支架,M,電線,管線材料,—,,,0.1235,0.095,0.0665,,
線槽,電話出線口31φ,M,電線,管線材料,—,,,0.2275,0.175,0.1225,,
線槽,電力插座31φ2P 15A 125V+E,M,電線,管線材料,—,,,0.2275,0.175,0.1225,,
線槽,末端蓋,M,電線,管線材料,—,,,0.0494,0.038,0.0266,,
線槽,線槽接頭,M,電線,管線材料,—,,,0.0975,0.075,0.0525,,
線槽,出線栓標誌銅蓋,M,電線,管線材料,—,,,0.065,0.05,0.035,,
線槽,"末端接頭 1/2""",M,電線,管線材料,—,,,0.078,0.06,0.042,,
線槽,"末端接頭 3/4""",M,電線,管線材料,—,,,0.0975,0.075,0.0525,,
線槽,"末端接頭 1""",M,電線,管線材料,—,,,0.117,0.09,0.063,,
電纜頭處理,2MM預鑄式 6.6KV以下 22m/m2以下,只,電線,管線材料,—,,,0.251,0.251,0.251,,
電纜頭處理,2MM預鑄式 6.6KV以下 30m/m2-38m/m2,只,電線,管線材料,—,,,0.282,0.282,0.282,,
電纜頭處理,2MM預鑄式 6.6KV以下 50m/m2-60m/m2,只,電線,管線材料,—,,,0.298,0.298,0.298,,
電纜頭處理,2MM預鑄式 6.6KV以下 80m/m2-100m/m2,只,電線,管線材料,—,,,0.329,0.329,0.329,,
電纜頭處理,2MM預鑄式 6.6KV以下 125m/m2-150m/m2,只,電線,管線材料,—,,,0.345,0.345,0.345,,
電纜頭處理,2MM預鑄式 6.6KV以下 200m/m2,只,電線,管線材料,—,,,0.376,0.376,0.376,,
電纜頭處理,2MM預鑄式 6.6KV以下 250m/m2,只,電線,管線材料,—,,,0.4083,0.4083,0.4083,,
電纜頭處理,2MM預鑄式 6.6KV以下 325m/m2,只,電線,管線材料,—,,,0.44,0.44,0.44,,
電纜頭處理,2MM預鑄式 15KV 22m/m2以下,只,電線,管線材料,—,,,0.282,0.282,0.282,,
電纜頭處理,2MM預鑄式 15KV 30m/m2-38m/m2,只,電線,管線材料,—,,,0.329,0.329,0.329,,
電纜頭處理,2MM預鑄式 15KV 50m/m2-60m/m2,只,電線,管線材料,—,,,0.393,0.393,0.393,,
電纜頭處理,2MM預鑄式 15KV 80m/m2-100m/m2,只,電線,管線材料,—,,,0.44,0.44,0.44,,
電纜頭處理,2MM預鑄式 15KV 125m/m2-150m/m2,只,電線,管線材料,—,,,0.471,0.471,0.471,,
電纜頭處理,2MM預鑄式 15KV 200m/m2,只,電線,管線材料,—,,,0.533,0.533,0.533,,
電纜頭處理,2MM預鑄式 15KV 250m/m2,只,電線,管線材料,—,,,0.565,0.565,0.565,,
電纜頭處理,2MM預鑄式 15KV 325m/m2,只,電線,管線材料,—,,,0.628,0.628,0.628,,
電纜頭處理,2MM預鑄式 25KV 22m/m2以下,只,電線,管線材料,—,,,0.314,0.314,0.314,,
電纜頭處理,2MM預鑄式 25KV 30m/m2-38m/m2,只,電線,管線材料,—,,,0.376,0.376,0.376,,
電纜頭處理,2MM預鑄式 25KV 50m/m2-60m/m2,只,電線,管線材料,—,,,0.455,0.455,0.455,,
電纜頭處理,2MM預鑄式 25KV 80m/m2-100m/m2,只,電線,管線材料,—,,,0.502,0.502,0.502,,
電纜頭處理,2MM預鑄式 25KV 125m/m2-150m/m2,只,電線,管線材料,—,,,0.565,0.565,0.565,,
電纜頭處理,2MM預鑄式 25KV 200m/m2,只,電線,管線材料,—,,,0.628,0.628,0.628,,
電纜頭處理,2MM預鑄式 25KV 250m/m2,只,電線,管線材料,—,,,0.691,0.691,0.691,,
電纜頭處理,2MM預鑄式 25KV 325m/m2,只,電線,管線材料,—,,,0.754,0.754,0.754,,
電纜終端頭,3C 14m/m2以下,只,電線,管線材料,—,,,0.38,0.38,0.38,,
電纜終端頭,3C 22-38m/m2,只,電線,管線材料,—,,,0.48,0.48,0.48,,
電纜終端頭,3C 50-60m/m2,只,電線,管線材料,—,,,0.685,0.685,0.685,,
電纜終端頭,3C 80-100m/m2,只,電線,管線材料,—,,,0.91,0.91,0.91,,
電纜終端頭,3C 150m/m2,只,電線,管線材料,—,,,1.555,1.555,1.555,,
電纜終端頭,3C 200m/m2以上,只,電線,管線材料,—,,,1.81,1.81,1.81,,
