工項碼,名稱,規格,單位,群組,分類,敷設,牌價(待填),工率_普通
PL-RT-186,ABS管,"ABS P 1 1/2""*2.5m/m",M,管材,管線材料,明管,,0.023
PL-RT-187,ABS管,"ABS P 1 1/2""*3.7m/m",M,管材,管線材料,明管,,0.028
PL-RT-184,ABS管,"ABS P 1 1/4""*2.2m/m",M,管材,管線材料,明管,,0.015
PL-RT-185,ABS管,"ABS P 1 1/4""*3.0m/m",M,管材,管線材料,明管,,0.02
PL-RT-182,ABS管,"ABS P 1""*2.0m/m",M,管材,管線材料,明管,,0.012
PL-RT-183,ABS管,"ABS P 1""*2.5m/m",M,管材,管線材料,明管,,0.013
PL-RT-180,ABS管,"ABS P 1/2""*2.0m/m",M,管材,管線材料,明管,,0.009
PL-RT-207,ABS管,"ABS P 10""* 12m/m",M,管材,管線材料,明管,,0.22
PL-RT-208,ABS管,"ABS P 10""* 18m/m",M,管材,管線材料,明管,,0.285
PL-RT-209,ABS管,"ABS P 12""* 15m/m",M,管材,管線材料,明管,,0.295
PL-RT-210,ABS管,"ABS P 12""*21.5m/m",M,管材,管線材料,明管,,0.3
PL-RT-190,ABS管,"ABS P 2 1/2""*2.5m/m",M,管材,管線材料,明管,,0.045
PL-RT-191,ABS管,"ABS P 2 1/2""*3.8m/m",M,管材,管線材料,明管,,0.048
PL-RT-192,ABS管,"ABS P 2 1/2""*5.7m/m",M,管材,管線材料,明管,,0.052
PL-RT-188,ABS管,"ABS P 2""*3.2m/m",M,管材,管線材料,明管,,0.035
PL-RT-189,ABS管,"ABS P 2""*4.8m/m",M,管材,管線材料,明管,,0.04
PL-RT-193,ABS管,"ABS P 3""*3.0m/m",M,管材,管線材料,明管,,0.051
PL-RT-194,ABS管,"ABS P 3""*4.5m/m",M,管材,管線材料,明管,,0.058
PL-RT-195,ABS管,"ABS P 3""*6.8m/m",M,管材,管線材料,明管,,0.068
PL-RT-181,ABS管,"ABS P 3/4""*2.0m/m",M,管材,管線材料,明管,,0.01
PL-RT-196,ABS管,"ABS P 4""*3.5m/m",M,管材,管線材料,明管,,0.062
PL-RT-197,ABS管,"ABS P 4""*5.5m/m",M,管材,管線材料,明管,,0.068
PL-RT-198,ABS管,"ABS P 4""*8.2m/m",M,管材,管線材料,明管,,0.076
PL-RT-199,ABS管,"ABS P 5""*4.0m/m",M,管材,管線材料,明管,,0.08
PL-RT-200,ABS管,"ABS P 5""*6.2m/m",M,管材,管線材料,明管,,0.088
PL-RT-201,ABS管,"ABS P 5""*9.3m/m",M,管材,管線材料,明管,,0.094
PL-RT-204,ABS管,"ABS P 6""* 12m/m",M,管材,管線材料,明管,,0.126
PL-RT-202,ABS管,"ABS P 6""*5.0m/m",M,管材,管線材料,明管,,0.096
PL-RT-203,ABS管,"ABS P 6""*8.0m/m",M,管材,管線材料,明管,,0.112
PL-RT-205,ABS管,"ABS P 8""* 10m/m",M,管材,管線材料,明管,,0.186
PL-RT-206,ABS管,"ABS P 8""* 15m/m",M,管材,管線材料,明管,,0.21
PL-RT-219,CD合成樹脂管,"CD管 1 1/2""",M,管材,管線材料,明管,,0.024
PL-RT-218,CD合成樹脂管,"CD管 1 1/4""",M,管材,管線材料,明管,,0.017
PL-RT-217,CD合成樹脂管,"CD管 1""",M,管材,管線材料,明管,,0.015
PL-RT-215,CD合成樹脂管,"CD管 1/2""",M,管材,管線材料,明管,,0.007
PL-RT-221,CD合成樹脂管,"CD管 2 1/2""",M,管材,管線材料,明管,,0.032
PL-RT-220,CD合成樹脂管,"CD管 2""",M,管材,管線材料,明管,,0.027
PL-RT-222,CD合成樹脂管,"CD管 3""",M,管材,管線材料,明管,,0.04
PL-RT-216,CD合成樹脂管,"CD管 3/4""",M,管材,管線材料,明管,,0.01
PL-RT-160,HDPE管,"HDPE P 1 1/2""",M,管材,管線材料,明管,,0.102
PL-RT-159,HDPE管,"HDPE P 1 1/4""",M,管材,管線材料,明管,,0.066
PL-RT-168,HDPE管,"HDPE P 10""",M,管材,管線材料,明管,,0.435
PL-RT-169,HDPE管,"HDPE P 12""",M,管材,管線材料,明管,,0.485
PL-RT-162,HDPE管,"HDPE P 2 1/2""",M,管材,管線材料,明管,,0.132
PL-RT-161,HDPE管,"HDPE P 2""",M,管材,管線材料,明管,,0.11
PL-RT-163,HDPE管,"HDPE P 3""",M,管材,管線材料,明管,,0.158
PL-RT-164,HDPE管,"HDPE P 4""",M,管材,管線材料,明管,,0.205
PL-RT-165,HDPE管,"HDPE P 5""",M,管材,管線材料,明管,,0.275
PL-RT-166,HDPE管,"HDPE P 6""",M,管材,管線材料,明管,,0.325
PL-RT-167,HDPE管,"HDPE P 8""",M,管材,管線材料,明管,,0.395
PL-RT-172,PB管,"1""",M,管材,管線材料,明管,,0.024
PL-RT-170,PB管,"1/2""",M,管材,管線材料,明管,,0.015
PL-RT-171,PB管,"3/4""",M,管材,管線材料,明管,,0.018
PL-RT-173,REHAU乙烯管,REHAU 16φ* 2.2 m/m,M,管材,管線材料,明管,,0.024
PL-RT-174,REHAU乙烯管,REHAU 20φ* 2.8 m/m,M,管材,管線材料,明管,,0.033
PL-RT-175,REHAU乙烯管,REHAU 25φ* 3.5 m/m,M,管材,管線材料,明管,,0.042
PL-RT-176,REHAU乙烯管,REHAU 32φ* 4.4 m/m,M,管材,管線材料,明管,,0.054
PL-RT-177,REHAU乙烯管,REHAU 40φ* 5.5 m/m,M,管材,管線材料,明管,,0.073
PL-RT-178,REHAU乙烯管,REHAU 50φ* 6.9 m/m,M,管材,管線材料,明管,,0.085
PL-RT-179,REHAU乙烯管,REHAU 63φ* 8.7 m/m,M,管材,管線材料,明管,,0.12
PL-RT-144,RSG鍍鋅厚鋼電導管,"1 1/2"" * 2.5 m/m",M,管材,管線材料,明管,,0.094
PL-RT-143,RSG鍍鋅厚鋼電導管,"1 1/4"" * 2.5 m/m",M,管材,管線材料,明管,,0.069
PL-RT-142,RSG鍍鋅厚鋼電導管,"1"" * 2.5 m/m",M,管材,管線材料,明管,,0.049
PL-RT-140,RSG鍍鋅厚鋼電導管,"1/2"" * 2.3 m/m",M,管材,管線材料,明管,,0.035
PL-RT-146,RSG鍍鋅厚鋼電導管,"2 1/2"" * 2.8 m/m",M,管材,管線材料,明管,,0.135
PL-RT-145,RSG鍍鋅厚鋼電導管,"2"" * 2.8 m/m",M,管材,管線材料,明管,,0.121
PL-RT-147,RSG鍍鋅厚鋼電導管,"3"" * 2.8 m/m",M,管材,管線材料,明管,,0.146
PL-RT-141,RSG鍍鋅厚鋼電導管,"3/4"" * 2.3 m/m",M,管材,管線材料,明管,,0.044
PL-RT-148,RSG鍍鋅厚鋼電導管,"4"" * 3.5 m/m",M,管材,管線材料,明管,,0.17
PL-RT-103,不銹鋼管(厚),"不銹鋼管 1 1/2"" * 3.5 m/m",M,管材,管線材料,明管,,0.083
PL-RT-102,不銹鋼管(厚),"不銹鋼管 1 1/4"" * 3.5 m/m",M,管材,管線材料,明管,,0.074
PL-RT-101,不銹鋼管(厚),"不銹鋼管 1"" * 3.0 m/m",M,管材,管線材料,明管,,0.063
PL-RT-099,不銹鋼管(厚),"不銹鋼管 1/2"" * 2.5 m/m",M,管材,管線材料,明管,,0.04
PL-RT-105,不銹鋼管(厚),"不銹鋼管 2 1/2"" * 4.0m/m",M,管材,管線材料,明管,,0.125
PL-RT-104,不銹鋼管(厚),"不銹鋼管 2"" * 3.5 m/m",M,管材,管線材料,明管,,0.104
PL-RT-107,不銹鋼管(厚),"不銹鋼管 3 1/2"" * 4.0 m/m",M,管材,管線材料,明管,,0.175
PL-RT-106,不銹鋼管(厚),"不銹鋼管 3"" * 4.0 m/m",M,管材,管線材料,明管,,0.152
PL-RT-100,不銹鋼管(厚),"不銹鋼管 3/4"" * 2.5 m/m",M,管材,管線材料,明管,,0.054
PL-RT-108,不銹鋼管(厚),"不銹鋼管 4"" * 4.0 m/m",M,管材,管線材料,明管,,0.198
PL-RT-096,不銹鋼管(薄),"1 1/2"" * 1.2 m/m 壓著式",M,管材,管線材料,明管,,0.067
PL-RT-095,不銹鋼管(薄),"1 1/4"" * 1.2 m/m 壓著式",M,管材,管線材料,明管,,0.057
PL-RT-094,不銹鋼管(薄),"1"" * 1.0 m/m 壓著式",M,管材,管線材料,明管,,0.044
PL-RT-092,不銹鋼管(薄),"1/2"" * 0.8 m/m 壓著式",M,管材,管線材料,明管,,0.025
PL-RT-098,不銹鋼管(薄),"2 1/2"" * 1.5 m/m 壓著式",M,管材,管線材料,明管,,0.116
PL-RT-097,不銹鋼管(薄),"2"" * 1.2 m/m 壓著式",M,管材,管線材料,明管,,0.089
PL-RT-093,不銹鋼管(薄),"3/4"" * 1.0 m/m 壓著式",M,管材,管線材料,明管,,0.033
PL-RT-239,大管徑,１２”,M,管材,管線材料,明管,,0.3485
PL-RT-240,大管徑,１４”,M,管材,管線材料,明管,,0.374
PL-RT-241,大管徑,１６”,M,管材,管線材料,明管,,0.4675
PL-RT-242,大管徑,２０”,M,管材,管線材料,明管,,0.5737
PL-RT-243,大管徑,２４”,M,管材,管線材料,明管,,0.7055
PL-RT-244,大管徑,２８”,M,管材,管線材料,明管,,0.8372
PL-RT-245,大管徑,３２”,M,管材,管線材料,明管,,0.9732
PL-RT-246,大管徑,３６”,M,管材,管線材料,明管,,1.1092
PL-RT-247,大管徑,４０”,M,管材,管線材料,明管,,1.2708
PL-RT-248,大管徑,４４”,M,管材,管線材料,明管,,1.4875
PL-RT-249,大管徑,４８”,M,管材,管線材料,明管,,1.6703
PL-RT-250,大管徑,５４”,M,管材,管線材料,明管,,1.8657
PL-RT-251,大管徑,６０”,M,管材,管線材料,明管,,2.0697
PL-RT-032,排水管,"PVC P 1 1/2""* 2.0 m/m",M,管材,管線材料,明管,,0.027
PL-RT-033,排水管,"PVC P 1 1/2""* 3.5 m/m",M,管材,管線材料,明管,,0.029
PL-RT-030,排水管,"PVC P 1 1/4""* 2.0 m/m",M,管材,管線材料,明管,,0.023
PL-RT-031,排水管,"PVC P 1 1/4""* 3.5 m/m",M,管材,管線材料,明管,,0.025
PL-RT-028,排水管,"PVC P 1""* 2.0 m/m",M,管材,管線材料,明管,,0.018
PL-RT-029,排水管,"PVC P 1""* 3.0 m/m",M,管材,管線材料,明管,,0.019
PL-RT-026,排水管,"PVC P 1/2""* 3.0 m/m",M,管材,管線材料,明管,,0.012
PL-RT-053,排水管,"PVC P 10""* 8.5 m/m",M,管材,管線材料,明管,,0.23
PL-RT-054,排水管,"PVC P 12""* 8.0 m/m",M,管材,管線材料,明管,,0.257
PL-RT-055,排水管,"PVC P 12""*10.0 m/m",M,管材,管線材料,明管,,0.271
PL-RT-056,排水管,"PVC P 12""*13.0 m/m",M,管材,管線材料,明管,,0.31
PL-RT-057,排水管,"PVC P 14""*11.0 m/m",M,管材,管線材料,明管,,0.357
PL-RT-058,排水管,"PVC P 14""*16.0 m/m",M,管材,管線材料,明管,,0.375
PL-RT-059,排水管,"PVC P 16""*12.0 m/m",M,管材,管線材料,明管,,0.45
PL-RT-060,排水管,"PVC P 18""*20.0 m/m",M,管材,管線材料,明管,,0.545
PL-RT-036,排水管,"PVC P 2 1/2""* 2.0 m/m",M,管材,管線材料,明管,,0.045
PL-RT-037,排水管,"PVC P 2 1/2""* 3.0 m/m",M,管材,管線材料,明管,,0.053
PL-RT-038,排水管,"PVC P 2 1/4""* 4.5 m/m",M,管材,管線材料,明管,,0.055
PL-RT-034,排水管,"PVC P 2""* 2.0 m/m",M,管材,管線材料,明管,,0.035
PL-RT-035,排水管,"PVC P 2""* 4.0 m/m",M,管材,管線材料,明管,,0.043
PL-RT-039,排水管,"PVC P 3""* 2.0 m/m",M,管材,管線材料,明管,,0.053
PL-RT-040,排水管,"PVC P 3""* 3.0 m/m",M,管材,管線材料,明管,,0.057
PL-RT-041,排水管,"PVC P 3""* 5.5 m/m",M,管材,管線材料,明管,,0.068
PL-RT-027,排水管,"PVC P 3/4""* 3.0 m/m",M,管材,管線材料,明管,,0.014
PL-RT-042,排水管,"PVC P 4""* 2.0 m/m",M,管材,管線材料,明管,,0.06
PL-RT-043,排水管,"PVC P 4""* 3.0 m/m",M,管材,管線材料,明管,,0.068
PL-RT-044,排水管,"PVC P 4""* 4.0 m/m",M,管材,管線材料,明管,,0.07
PL-RT-045,排水管,"PVC P 4""* 7.0 m/m",M,管材,管線材料,明管,,0.076
PL-RT-046,排水管,"PVC P 5""* 3.5 m/m",M,管材,管線材料,明管,,0.08
PL-RT-047,排水管,"PVC P 5""* 4.5 m/m",M,管材,管線材料,明管,,0.082
PL-RT-048,排水管,"PVC P 5""* 7.5 m/m",M,管材,管線材料,明管,,0.089
PL-RT-049,排水管,"PVC P 6""* 4.0 m/m",M,管材,管線材料,明管,,0.095
PL-RT-050,排水管,"PVC P 6""* 5.5 m/m",M,管材,管線材料,明管,,0.098
PL-RT-051,排水管,"PVC P 6""* 8.5 m/m",M,管材,管線材料,明管,,0.115
PL-RT-052,排水管,"PVC P 8""* 7.0 m/m",M,管材,管線材料,明管,,0.18
PL-RT-153,無縫鋼管,"無縫鋼管 SCH40 1 1/2""",M,管材,管線材料,明管,,0.083
PL-RT-152,無縫鋼管,"無縫鋼管 SCH40 1 1/4""",M,管材,管線材料,明管,,0.074
PL-RT-151,無縫鋼管,"無縫鋼管 SCH40 1""",M,管材,管線材料,明管,,0.063
PL-RT-149,無縫鋼管,"無縫鋼管 SCH40 1/2""",M,管材,管線材料,明管,,0.04
PL-RT-155,無縫鋼管,"無縫鋼管 SCH40 2 1/2""",M,管材,管線材料,明管,,0.125
PL-RT-154,無縫鋼管,"無縫鋼管 SCH40 2""",M,管材,管線材料,明管,,0.104
PL-RT-157,無縫鋼管,"無縫鋼管 SCH40 3 1/2""",M,管材,管線材料,明管,,0.175
PL-RT-156,無縫鋼管,"無縫鋼管 SCH40 3""",M,管材,管線材料,明管,,0.152
PL-RT-150,無縫鋼管,"無縫鋼管 SCH40 3/4""",M,管材,管線材料,明管,,0.054
PL-RT-158,無縫鋼管,"無縫鋼管 SCH40 4""",M,管材,管線材料,明管,,0.198
PL-RT-111,發泡披覆管,"不銹鋼發泡披覆管 1"" *1.0m/m",M,管材,管線材料,明管,,0.046
PL-RT-109,發泡披覆管,"不銹鋼發泡披覆管 1/2""*0.8m/m",M,管材,管線材料,明管,,0.026
PL-RT-114,發泡披覆管,"不銹鋼發泡披覆管 2"" *1.2m/m",M,管材,管線材料,明管,,0.093
PL-RT-110,發泡披覆管,"不銹鋼發泡披覆管 3/4""*1.0m/m",M,管材,管線材料,明管,,0.034
PL-RT-113,發泡披覆管,"不銹鋼發泡披覆管1 1/2""*1.2m/m",M,管材,管線材料,明管,,0.07
PL-RT-112,發泡披覆管,"不銹鋼發泡披覆管1 1/4""*1.2m/m",M,管材,管線材料,明管,,0.06
PL-RT-119,管路拆除,"1 1/2""",M,管材,管線材料,—,,0.0097
PL-RT-118,管路拆除,"1 1/4""",M,管材,管線材料,—,,0.0082
PL-RT-117,管路拆除,"1""",M,管材,管線材料,—,,0.0062
PL-RT-115,管路拆除,"1/2""",M,管材,管線材料,—,,0.0042
PL-RT-127,管路拆除,"10""",M,管材,管線材料,—,,0.0897
PL-RT-128,管路拆除,"12""",M,管材,管線材料,—,,0.1053
PL-RT-121,管路拆除,"2 1/2""",M,管材,管線材料,—,,0.0189
PL-RT-120,管路拆除,"2""",M,管材,管線材料,—,,0.0148
PL-RT-122,管路拆除,"3""",M,管材,管線材料,—,,0.0228
PL-RT-116,管路拆除,"3/4""",M,管材,管線材料,—,,0.0047
PL-RT-123,管路拆除,"4""",M,管材,管線材料,—,,0.0265
PL-RT-124,管路拆除,"5""",M,管材,管線材料,—,,0.0347
PL-RT-125,管路拆除,"6""",M,管材,管線材料,—,,0.0449
PL-RT-126,管路拆除,"8""",M,管材,管線材料,—,,0.0702
PL-RT-066,衛生下水道塑膠管,"10"" *13.0 m/m",M,管材,管線材料,明管,,0.276
PL-RT-067,衛生下水道塑膠管,"12"" *15.5 m/m",M,管材,管線材料,明管,,0.342
PL-RT-068,衛生下水道塑膠管,"14"" *18.0 m/m",M,管材,管線材料,明管,,0.413
PL-RT-069,衛生下水道塑膠管,"16"" *20.5 m/m",M,管材,管線材料,明管,,0.585
PL-RT-070,衛生下水道塑膠管,"18"" *22.9 m/m",M,管材,管線材料,明管,,0.595
PL-RT-061,衛生下水道塑膠管,"2"" * 4.0 m/m",M,管材,管線材料,明管,,0.043
PL-RT-071,衛生下水道塑膠管,"20"" *25.3 m/m",M,管材,管線材料,明管,,0.714
PL-RT-072,衛生下水道塑膠管,"24"" *30.7 m/m",M,管材,管線材料,明管,,0.928
PL-RT-062,衛生下水道塑膠管,"3"" * 5.5 m/m",M,管材,管線材料,明管,,0.068
PL-RT-063,衛生下水道塑膠管,"4"" * 7.0 m/m",M,管材,管線材料,明管,,0.076
PL-RT-064,衛生下水道塑膠管,"6"" * 8.5 m/m",M,管材,管線材料,明管,,0.115
PL-RT-065,衛生下水道塑膠管,"8"" *10.5 m/m",M,管材,管線材料,明管,,0.198
PL-RT-227,軟管,"PVC軟管 1 1/2""",M,管材,管線材料,明管,,0.039
PL-RT-226,軟管,"PVC軟管 1 1/4""",M,管材,管線材料,明管,,0.034
PL-RT-225,軟管,"PVC軟管 1""",M,管材,管線材料,明管,,0.03
PL-RT-223,軟管,"PVC軟管 1/2""",M,管材,管線材料,明管,,0.015
PL-RT-229,軟管,"PVC軟管 2 1/2""",M,管材,管線材料,明管,,0.053
PL-RT-228,軟管,"PVC軟管 2""",M,管材,管線材料,明管,,0.045
PL-RT-230,軟管,"PVC軟管 3""",M,管材,管線材料,明管,,0.061
PL-RT-224,軟管,"PVC軟管 3/4""",M,管材,管線材料,明管,,0.022
PL-RT-235,軟管,"不銹鋼軟管 1 1/2""",M,管材,管線材料,明管,,0.065
PL-RT-234,軟管,"不銹鋼軟管 1 1/4""",M,管材,管線材料,明管,,0.058
PL-RT-233,軟管,"不銹鋼軟管 1""",M,管材,管線材料,明管,,0.045
PL-RT-231,軟管,"不銹鋼軟管 1/2""",M,管材,管線材料,明管,,0.025
PL-RT-237,軟管,"不銹鋼軟管 2 1/2""",M,管材,管線材料,明管,,0.091
PL-RT-236,軟管,"不銹鋼軟管 2""",M,管材,管線材料,明管,,0.076
PL-RT-238,軟管,"不銹鋼軟管 3""",M,管材,管線材料,明管,,0.106
PL-RT-232,軟管,"不銹鋼軟管 3/4""",M,管材,管線材料,明管,,0.032
PL-RT-087,鍍鋅鋼管,"GIP P 1 1/2"" * 4.1 m/m",M,管材,管線材料,明管,,0.083
PL-RT-086,鍍鋅鋼管,"GIP P 1 1/4"" * 3.6 m/m",M,管材,管線材料,明管,,0.074
PL-RT-085,鍍鋅鋼管,"GIP P 1"" * 3.2 m/m",M,管材,管線材料,明管,,0.063
PL-RT-083,鍍鋅鋼管,"GIP P 1/2"" * 2.6 m/m",M,管材,管線材料,明管,,0.04
PL-RT-089,鍍鋅鋼管,"GIP P 2 1/2"" * 4.5 m/m",M,管材,管線材料,明管,,0.125
PL-RT-088,鍍鋅鋼管,"GIP P 2"" * 4.1 m/m",M,管材,管線材料,明管,,0.104
PL-RT-090,鍍鋅鋼管,"GIP P 3"" * 4.5 m/m",M,管材,管線材料,明管,,0.152
PL-RT-084,鍍鋅鋼管,"GIP P 3/4"" * 2.8 m/m",M,管材,管線材料,明管,,0.054
PL-RT-091,鍍鋅鋼管,"GIP P 4"" * 4.5 m/m",M,管材,管線材料,明管,,0.198
PL-RT-073,鑄鐵管,"CIP P 1 1/2""",M,管材,管線材料,明管,,0.095
PL-RT-080,鑄鐵管,"CIP P 10""",M,管材,管線材料,明管,,0.485
PL-RT-081,鑄鐵管,"CIP P 12""",M,管材,管線材料,明管,,0.556
PL-RT-082,鑄鐵管,"CIP P 14""",M,管材,管線材料,明管,,0.639
PL-RT-074,鑄鐵管,"CIP P 2""",M,管材,管線材料,明管,,0.112
PL-RT-075,鑄鐵管,"CIP P 3""",M,管材,管線材料,明管,,0.148
PL-RT-076,鑄鐵管,"CIP P 4""",M,管材,管線材料,明管,,0.157
PL-RT-077,鑄鐵管,"CIP P 5""",M,管材,管線材料,明管,,0.226
PL-RT-078,鑄鐵管,"CIP P 6""",M,管材,管線材料,明管,,0.295
PL-RT-079,鑄鐵管,"CIP P 8""",M,管材,管線材料,明管,,0.385
PL-RT-214,開泰管,"開泰管 1""",M,管材,管線材料,明管,,0.038
PL-RT-212,開泰管,"開泰管 1/2""",M,管材,管線材料,明管,,0.025
PL-RT-213,開泰管,"開泰管 3/4""",M,管材,管線材料,明管,,0.032
PL-RT-211,開泰管,"開泰管 3/8""",M,管材,管線材料,明管,,0.02
PL-RT-006,電氣用PVC電管,"PVC P 1 1/2""* 3.5 m/m",M,管材,管線材料,明管,,0.029
PL-RT-005,電氣用PVC電管,"PVC P 1 1/4""* 3.5 m/m",M,管材,管線材料,明管,,0.025
PL-RT-003,電氣用PVC電管,"PVC P 1""* 2.0 m/m",M,管材,管線材料,明管,,0.018
PL-RT-004,電氣用PVC電管,"PVC P 1""* 3.0 m/m",M,管材,管線材料,明管,,0.019
PL-RT-001,電氣用PVC電管,"PVC P 1/2""* 2.0 m/m",M,管材,管線材料,明管,,0.012
PL-RT-008,電氣用PVC電管,"PVC P 2 1/2""* 4.5 m/m",M,管材,管線材料,明管,,0.055
PL-RT-007,電氣用PVC電管,"PVC P 2""* 4.0 m/m",M,管材,管線材料,明管,,0.043
PL-RT-009,電氣用PVC電管,"PVC P 3""* 5.5 m/m",M,管材,管線材料,明管,,0.068
PL-RT-002,電氣用PVC電管,"PVC P 3/4""* 2.0 m/m",M,管材,管線材料,明管,,0.014
PL-RT-010,電氣用PVC電管,"PVC P 4""* 7.0 m/m",M,管材,管線材料,明管,,0.076
PL-RT-011,電氣用PVC電管,"PVC P 5""* 7.5 m/m",M,管材,管線材料,明管,,0.089
PL-RT-012,電氣用PVC電管,"PVC P 6""* 8.5 m/m",M,管材,管線材料,明管,,0.115
PL-RT-013,電氣用PVC電管,"PVC P 8""*11.0 m/m",M,管材,管線材料,明管,,0.165
PL-RT-017,電氣用PVC電管,"PVC 軟管 1""",M,管材,管線材料,明管,,0.03
PL-RT-015,電氣用PVC電管,"PVC 軟管 1/2""",M,管材,管線材料,明管,,0.015
PL-RT-016,電氣用PVC電管,"PVC 軟管 3/4""",M,管材,管線材料,明管,,0.022
PL-RT-022,電氣用PVC電管,"不銹鋼軟管 1 1/2""",M,管材,管線材料,明管,,0.065
PL-RT-021,電氣用PVC電管,"不銹鋼軟管 1 1/4""",M,管材,管線材料,明管,,0.058
PL-RT-020,電氣用PVC電管,"不銹鋼軟管 1""",M,管材,管線材料,明管,,0.045
PL-RT-018,電氣用PVC電管,"不銹鋼軟管 1/2""",M,管材,管線材料,明管,,0.025
PL-RT-024,電氣用PVC電管,"不銹鋼軟管 2 1/2""",M,管材,管線材料,明管,,0.091
PL-RT-023,電氣用PVC電管,"不銹鋼軟管 2""",M,管材,管線材料,明管,,0.076
PL-RT-025,電氣用PVC電管,"不銹鋼軟管 3""",M,管材,管線材料,明管,,0.106
PL-RT-019,電氣用PVC電管,"不銹鋼軟管 3/4""",M,管材,管線材料,明管,,0.032
PL-RT-014,電氣用PVC電管,"自由軟管 4"" (鋁管)",M,管材,管線材料,明管,,0.03
PL-RT-475,BUS WAY,銅 ３φ３Ｗ 1000A,M,電線,管線材料,—,,0.338
PL-RT-476,BUS WAY,銅 ３φ３Ｗ 1200A,M,電線,管線材料,—,,0.365
PL-RT-477,BUS WAY,銅 ３φ３Ｗ 1350A,M,電線,管線材料,—,,0.396
PL-RT-478,BUS WAY,銅 ３φ３Ｗ 1500A,M,電線,管線材料,—,,0.425
PL-RT-479,BUS WAY,銅 ３φ３Ｗ 1600A,M,電線,管線材料,—,,0.484
PL-RT-480,BUS WAY,銅 ３φ３Ｗ 2000A,M,電線,管線材料,—,,0.543
PL-RT-481,BUS WAY,銅 ３φ３Ｗ 2500A,M,電線,管線材料,—,,0.746
PL-RT-482,BUS WAY,銅 ３φ３Ｗ 3000A,M,電線,管線材料,—,,0.872
PL-RT-483,BUS WAY,銅 ３φ３Ｗ 3500A,M,電線,管線材料,—,,1.006
PL-RT-484,BUS WAY,銅 ３φ３Ｗ 4000A,M,電線,管線材料,—,,1.115
PL-RT-485,BUS WAY,銅 ３φ３Ｗ 5000A,M,電線,管線材料,—,,1.28
PL-RT-486,BUS WAY,銅 ３φ３Ｗ 6000A,M,電線,管線材料,—,,1.475
PL-RT-473,BUS WAY,銅 ３φ３Ｗ 600A,M,電線,管線材料,—,,0.254
PL-RT-474,BUS WAY,銅 ３φ３Ｗ 800A,M,電線,管線材料,—,,0.299
PL-RT-489,BUS WAY,銅 ３φ４Ｗ 1000A,M,電線,管線材料,—,,0.372
PL-RT-490,BUS WAY,銅 ３φ４Ｗ 1200A,M,電線,管線材料,—,,0.375
PL-RT-491,BUS WAY,銅 ３φ４Ｗ 1350A,M,電線,管線材料,—,,0.402
PL-RT-492,BUS WAY,銅 ３φ４Ｗ 1500A,M,電線,管線材料,—,,0.467
PL-RT-493,BUS WAY,銅 ３φ４Ｗ 1600A,M,電線,管線材料,—,,0.532
PL-RT-494,BUS WAY,銅 ３φ４Ｗ 2000A,M,電線,管線材料,—,,0.597
PL-RT-495,BUS WAY,銅 ３φ４Ｗ 2500A,M,電線,管線材料,—,,0.931
PL-RT-496,BUS WAY,銅 ３φ４Ｗ 3000A,M,電線,管線材料,—,,0.959
PL-RT-497,BUS WAY,銅 ３φ４Ｗ 3500A,M,電線,管線材料,—,,1.106
PL-RT-498,BUS WAY,銅 ３φ４Ｗ 4000A,M,電線,管線材料,—,,1.227
PL-RT-499,BUS WAY,銅 ３φ４Ｗ 5000A,M,電線,管線材料,—,,1.411
PL-RT-500,BUS WAY,銅 ３φ４Ｗ 6000A,M,電線,管線材料,—,,1.695
PL-RT-487,BUS WAY,銅 ３φ４Ｗ 600A,M,電線,管線材料,—,,0.279
PL-RT-488,BUS WAY,銅 ３φ４Ｗ 800A,M,電線,管線材料,—,,0.329
PL-RT-503,BUS WAY,鋁 ３φ３Ｗ 1000A,M,電線,管線材料,—,,0.294
PL-RT-504,BUS WAY,鋁 ３φ３Ｗ 1200A,M,電線,管線材料,—,,0.317
PL-RT-505,BUS WAY,鋁 ３φ３Ｗ 1350A,M,電線,管線材料,—,,0.344
PL-RT-506,BUS WAY,鋁 ３φ３Ｗ 1500A,M,電線,管線材料,—,,0.37
PL-RT-507,BUS WAY,鋁 ３φ３Ｗ 1600A,M,電線,管線材料,—,,0.421
PL-RT-508,BUS WAY,鋁 ３φ３Ｗ 2000A,M,電線,管線材料,—,,0.472
PL-RT-509,BUS WAY,鋁 ３φ３Ｗ 2500A,M,電線,管線材料,—,,0.637
PL-RT-510,BUS WAY,鋁 ３φ３Ｗ 3000A,M,電線,管線材料,—,,0.758
PL-RT-511,BUS WAY,鋁 ３φ３Ｗ 3500A,M,電線,管線材料,—,,0.875
PL-RT-512,BUS WAY,鋁 ３φ３Ｗ 4000A,M,電線,管線材料,—,,1.005
PL-RT-513,BUS WAY,鋁 ３φ３Ｗ 5000A,M,電線,管線材料,—,,1.205
PL-RT-514,BUS WAY,鋁 ３φ３Ｗ 6000A,M,電線,管線材料,—,,1.385
PL-RT-501,BUS WAY,鋁 ３φ３Ｗ 600A,M,電線,管線材料,—,,0.221
PL-RT-502,BUS WAY,鋁 ３φ３Ｗ 800A,M,電線,管線材料,—,,0.26
PL-RT-517,BUS WAY,鋁 ３φ４Ｗ 1000A,M,電線,管線材料,—,,0.323
PL-RT-518,BUS WAY,鋁 ３φ４Ｗ 1200A,M,電線,管線材料,—,,0.349
PL-RT-519,BUS WAY,鋁 ３φ４Ｗ 1350A,M,電線,管線材料,—,,0.378
PL-RT-520,BUS WAY,鋁 ３φ４Ｗ 1500A,M,電線,管線材料,—,,0.407
PL-RT-521,BUS WAY,鋁 ３φ４Ｗ 1600A,M,電線,管線材料,—,,0.463
PL-RT-522,BUS WAY,鋁 ３φ４Ｗ 2000A,M,電線,管線材料,—,,0.519
PL-RT-523,BUS WAY,鋁 ３φ４Ｗ 2500A,M,電線,管線材料,—,,0.811
PL-RT-524,BUS WAY,鋁 ３φ４Ｗ 3000A,M,電線,管線材料,—,,0.834
PL-RT-525,BUS WAY,鋁 ３φ４Ｗ 3500A,M,電線,管線材料,—,,0.963
PL-RT-526,BUS WAY,鋁 ３φ４Ｗ 4000A,M,電線,管線材料,—,,1.105
PL-RT-527,BUS WAY,鋁 ３φ４Ｗ 5000A,M,電線,管線材料,—,,1.27
PL-RT-528,BUS WAY,鋁 ３φ４Ｗ 6000A,M,電線,管線材料,—,,1.52
PL-RT-515,BUS WAY,鋁 ３φ４Ｗ 600A,M,電線,管線材料,—,,0.243
PL-RT-516,BUS WAY,鋁 ３φ４Ｗ 800A,M,電線,管線材料,—,,0.286
PL-RT-454,PVC耐熱耐火電線,PVC W 1.2 m/m 380℃,M,電線,管線材料,管內,,0.003
PL-RT-455,PVC耐熱耐火電線,PVC W 1.6 m/m 380℃,M,電線,管線材料,管內,,0.003
PL-RT-467,PVC耐熱耐火電線,PVC W 100 m/㎡ 380℃,M,電線,管線材料,管內,,0.034
PL-RT-468,PVC耐熱耐火電線,PVC W 125 m/㎡ 380℃,M,電線,管線材料,管內,,0.046
PL-RT-460,PVC耐熱耐火電線,PVC W 14 m/㎡ 380℃,M,電線,管線材料,管內,,0.01
PL-RT-469,PVC耐熱耐火電線,PVC W 150 m/㎡ 380℃,M,電線,管線材料,管內,,0.05
PL-RT-456,PVC耐熱耐火電線,PVC W 2.0 m/m 380℃,M,電線,管線材料,管內,,0.003
PL-RT-470,PVC耐熱耐火電線,PVC W 200 m/㎡ 380℃,M,電線,管線材料,管內,,0.056
PL-RT-461,PVC耐熱耐火電線,PVC W 22 m/㎡ 380℃,M,電線,管線材料,管內,,0.012
PL-RT-471,PVC耐熱耐火電線,PVC W 250 m/㎡ 380℃,M,電線,管線材料,管內,,0.062
PL-RT-457,PVC耐熱耐火電線,PVC W 3.5 m/㎡ 380℃,M,電線,管線材料,管內,,0.004
PL-RT-462,PVC耐熱耐火電線,PVC W 30 m/㎡ 380℃,M,電線,管線材料,管內,,0.015
PL-RT-472,PVC耐熱耐火電線,PVC W 325 m/㎡ 380℃,M,電線,管線材料,管內,,0.07
PL-RT-463,PVC耐熱耐火電線,PVC W 38 m/㎡ 380℃,M,電線,管線材料,管內,,0.018
PL-RT-458,PVC耐熱耐火電線,PVC W 5.5 m/㎡ 380℃,M,電線,管線材料,管內,,0.005
PL-RT-464,PVC耐熱耐火電線,PVC W 50 m/㎡ 380℃,M,電線,管線材料,管內,,0.02
PL-RT-465,PVC耐熱耐火電線,PVC W 60 m/㎡ 380℃,M,電線,管線材料,管內,,0.024
PL-RT-459,PVC耐熱耐火電線,PVC W 8.0 m/㎡ 380℃,M,電線,管線材料,管內,,0.007
PL-RT-466,PVC耐熱耐火電線,PVC W 80 m/㎡ 380℃,M,電線,管線材料,管內,,0.028
PL-RT-273,PVC電線,0.5 * 4P 數位電纜,M,電線,管線材料,管內,,0.005
PL-RT-270,PVC電線,3C 2V 同軸電纜,M,電線,管線材料,管內,,0.005
PL-RT-271,PVC電線,5C 2V 同軸電纜,M,電線,管線材料,管內,,0.006
PL-RT-272,PVC電線,7C 2V 同軸電纜,M,電線,管線材料,管內,,0.008
PL-RT-276,PVC電線,BCW 100m/m2,M,電線,管線材料,管內,,0.03
PL-RT-274,PVC電線,BCW 14m/m2,M,電線,管線材料,管內,,0.008
PL-RT-277,PVC電線,BCW 250m/m2,M,電線,管線材料,管內,,0.058
PL-RT-275,PVC電線,BCW 60m/m2,M,電線,管線材料,管內,,0.018
PL-RT-252,PVC電線,PVC W 1.2 m/m,M,電線,管線材料,管內,,0.002
PL-RT-253,PVC電線,PVC W 1.6 m/m,M,電線,管線材料,管內,,0.002
PL-RT-264,PVC電線,PVC W 100 m/m2,M,電線,管線材料,管內,,0.028
PL-RT-265,PVC電線,PVC W 125 m/m2,M,電線,管線材料,管內,,0.03
PL-RT-257,PVC電線,PVC W 14 m/m2,M,電線,管線材料,管內,,0.007
PL-RT-266,PVC電線,PVC W 150 m/m2,M,電線,管線材料,管內,,0.038
PL-RT-254,PVC電線,PVC W 2.0 m/m,M,電線,管線材料,管內,,0.003
PL-RT-267,PVC電線,PVC W 200 m/m2,M,電線,管線材料,管內,,0.043
PL-RT-258,PVC電線,PVC W 22 m/m2,M,電線,管線材料,管內,,0.009
PL-RT-268,PVC電線,PVC W 250 m/m2,M,電線,管線材料,管內,,0.051
PL-RT-259,PVC電線,PVC W 30 m/m2,M,電線,管線材料,管內,,0.011
PL-RT-269,PVC電線,PVC W 325 m/m2,M,電線,管線材料,管內,,0.085
PL-RT-260,PVC電線,PVC W 38 m/m2,M,電線,管線材料,管內,,0.013
PL-RT-255,PVC電線,PVC W 5.5 m/m2,M,電線,管線材料,管內,,0.005
PL-RT-261,PVC電線,PVC W 50 m/m2,M,電線,管線材料,管內,,0.014
PL-RT-262,PVC電線,PVC W 60 m/m2,M,電線,管線材料,管內,,0.018
PL-RT-256,PVC電線,PVC W 8.0 m/m2,M,電線,管線材料,管內,,0.006
PL-RT-263,PVC電線,PVC W 80 m/m2,M,電線,管線材料,管內,,0.021
PL-RT-311,PVC電纜線,２Ｃ PVC 1.6 m/m2 白扁線,M,電線,管線材料,管內,,0.005
PL-RT-312,PVC電纜線,２Ｃ PVC 2.0 m/m2 白扁線,M,電線,管線材料,管內,,0.006
PL-RT-295,PVC電纜線,２Ｃ PVC 電纜 1.25 m/m2,M,電線,管線材料,管內,,0.004
PL-RT-296,PVC電纜線,２Ｃ PVC 電纜 1.6 m/m2,M,電線,管線材料,管內,,0.005
PL-RT-308,PVC電纜線,２Ｃ PVC 電纜 100 m/m2,M,電線,管線材料,管內,,0.045
PL-RT-309,PVC電纜線,２Ｃ PVC 電纜 125 m/m2,M,電線,管線材料,管內,,0.052
PL-RT-301,PVC電纜線,２Ｃ PVC 電纜 14 m/m2,M,電線,管線材料,管內,,0.012
PL-RT-310,PVC電纜線,２Ｃ PVC 電纜 150 m/m2,M,電線,管線材料,管內,,0.065
PL-RT-297,PVC電纜線,２Ｃ PVC 電纜 2.0 m/m2,M,電線,管線材料,管內,,0.006
PL-RT-302,PVC電纜線,２Ｃ PVC 電纜 22 m/m2,M,電線,管線材料,管內,,0.016
PL-RT-298,PVC電纜線,２Ｃ PVC 電纜 3.5 m/m2,M,電線,管線材料,管內,,0.007
PL-RT-303,PVC電纜線,２Ｃ PVC 電纜 30 m/m2,M,電線,管線材料,管內,,0.018
PL-RT-304,PVC電纜線,２Ｃ PVC 電纜 38 m/m2,M,電線,管線材料,管內,,0.022
PL-RT-299,PVC電纜線,２Ｃ PVC 電纜 5.5 m/m2,M,電線,管線材料,管內,,0.008
PL-RT-305,PVC電纜線,２Ｃ PVC 電纜 50 m/m2,M,電線,管線材料,管內,,0.028
PL-RT-306,PVC電纜線,２Ｃ PVC 電纜 60 m/m2,M,電線,管線材料,管內,,0.032
PL-RT-300,PVC電纜線,２Ｃ PVC 電纜 8 m/m2,M,電線,管線材料,管內,,0.009
PL-RT-307,PVC電纜線,２Ｃ PVC 電纜 80 m/m2,M,電線,管線材料,管內,,0.038
PL-RT-313,PVC電纜線,３Ｃ PVC 電纜 1.25 m/m2,M,電線,管線材料,管內,,0.005
PL-RT-314,PVC電纜線,３Ｃ PVC 電纜 1.6 m/m2,M,電線,管線材料,管內,,0.006
PL-RT-326,PVC電纜線,３Ｃ PVC 電纜 100 m/m2,M,電線,管線材料,管內,,0.052
PL-RT-327,PVC電纜線,３Ｃ PVC 電纜 125 m/m2,M,電線,管線材料,管內,,0.062
PL-RT-319,PVC電纜線,３Ｃ PVC 電纜 14 m/m2,M,電線,管線材料,管內,,0.016
PL-RT-328,PVC電纜線,３Ｃ PVC 電纜 150 m/m2,M,電線,管線材料,管內,,0.075
PL-RT-315,PVC電纜線,３Ｃ PVC 電纜 2.0 m/m2,M,電線,管線材料,管內,,0.007
PL-RT-320,PVC電纜線,３Ｃ PVC 電纜 22 m/m2,M,電線,管線材料,管內,,0.022
PL-RT-316,PVC電纜線,３Ｃ PVC 電纜 3.5 m/m2,M,電線,管線材料,管內,,0.008
PL-RT-321,PVC電纜線,３Ｃ PVC 電纜 30 m/m2,M,電線,管線材料,管內,,0.024
PL-RT-322,PVC電纜線,３Ｃ PVC 電纜 38 m/m2,M,電線,管線材料,管內,,0.028
PL-RT-317,PVC電纜線,３Ｃ PVC 電纜 5.5 m/m2,M,電線,管線材料,管內,,0.01
PL-RT-323,PVC電纜線,３Ｃ PVC 電纜 50 m/m2,M,電線,管線材料,管內,,0.032
PL-RT-324,PVC電纜線,３Ｃ PVC 電纜 60 m/m2,M,電線,管線材料,管內,,0.042
PL-RT-318,PVC電纜線,３Ｃ PVC 電纜 8 m/m2,M,電線,管線材料,管內,,0.012
PL-RT-325,PVC電纜線,３Ｃ PVC 電纜 80 m/m2,M,電線,管線材料,管內,,0.044
PL-RT-329,PVC電纜線,４Ｃ PVC 電纜 1.25 m/m2,M,電線,管線材料,管內,,0.007
PL-RT-330,PVC電纜線,４Ｃ PVC 電纜 1.6 m/m2,M,電線,管線材料,管內,,0.008
PL-RT-342,PVC電纜線,４Ｃ PVC 電纜 100 m/m2,M,電線,管線材料,管內,,0.068
PL-RT-343,PVC電纜線,４Ｃ PVC 電纜 125 m/m2,M,電線,管線材料,管內,,0.08
PL-RT-335,PVC電纜線,４Ｃ PVC 電纜 14 m/m2,M,電線,管線材料,管內,,0.024
PL-RT-344,PVC電纜線,４Ｃ PVC 電纜 150 m/m2,M,電線,管線材料,管內,,0.092
PL-RT-331,PVC電纜線,４Ｃ PVC 電纜 2.0 m/m2,M,電線,管線材料,管內,,0.01
PL-RT-336,PVC電纜線,４Ｃ PVC 電纜 22 m/m2,M,電線,管線材料,管內,,0.03
PL-RT-332,PVC電纜線,４Ｃ PVC 電纜 3.5 m/m2,M,電線,管線材料,管內,,0.012
PL-RT-337,PVC電纜線,４Ｃ PVC 電纜 30 m/m2,M,電線,管線材料,管內,,0.036
PL-RT-338,PVC電纜線,４Ｃ PVC 電纜 38 m/m2,M,電線,管線材料,管內,,0.04
PL-RT-333,PVC電纜線,４Ｃ PVC 電纜 5.5 m/m2,M,電線,管線材料,管內,,0.016
PL-RT-339,PVC電纜線,４Ｃ PVC 電纜 50 m/m2,M,電線,管線材料,管內,,0.048
PL-RT-340,PVC電纜線,４Ｃ PVC 電纜 60 m/m2,M,電線,管線材料,管內,,0.056
PL-RT-334,PVC電纜線,４Ｃ PVC 電纜 8 m/m2,M,電線,管線材料,管內,,0.018
PL-RT-341,PVC電纜線,４Ｃ PVC 電纜 80 m/m2,M,電線,管線材料,管內,,0.062
PL-RT-356,XLPE電纜,１Ｃ XLPE 電力電纜 100 m/m2,M,電線,管線材料,管內,,0.046
PL-RT-367,XLPE電纜,１Ｃ XLPE 電力電纜 1000 m/m2,M,電線,管線材料,管內,,0.315
PL-RT-357,XLPE電纜,１Ｃ XLPE 電力電纜 125 m/m2,M,電線,管線材料,管內,,0.054
PL-RT-349,XLPE電纜,１Ｃ XLPE 電力電纜 14 m/m2,M,電線,管線材料,管內,,0.012
PL-RT-358,XLPE電纜,１Ｃ XLPE 電力電纜 150 m/m2,M,電線,管線材料,管內,,0.057
PL-RT-345,XLPE電纜,１Ｃ XLPE 電力電纜 2.0 m/m2,M,電線,管線材料,管內,,0.004
PL-RT-359,XLPE電纜,１Ｃ XLPE 電力電纜 200 m/m2,M,電線,管線材料,管內,,0.065
PL-RT-350,XLPE電纜,１Ｃ XLPE 電力電纜 22 m/m2,M,電線,管線材料,管內,,0.015
PL-RT-360,XLPE電纜,１Ｃ XLPE 電力電纜 250 m/m2,M,電線,管線材料,管內,,0.075
PL-RT-346,XLPE電纜,１Ｃ XLPE 電力電纜 3.5 m/m2,M,電線,管線材料,管內,,0.005
PL-RT-351,XLPE電纜,１Ｃ XLPE 電力電纜 30 m/m2,M,電線,管線材料,管內,,0.018
PL-RT-361,XLPE電纜,１Ｃ XLPE 電力電纜 325 m/m2,M,電線,管線材料,管內,,0.117
PL-RT-352,XLPE電纜,１Ｃ XLPE 電力電纜 38 m/m2,M,電線,管線材料,管內,,0.021
PL-RT-362,XLPE電纜,１Ｃ XLPE 電力電纜 400 m/m2,M,電線,管線材料,管內,,0.128
PL-RT-347,XLPE電纜,１Ｃ XLPE 電力電纜 5.5 m/m2,M,電線,管線材料,管內,,0.008
PL-RT-353,XLPE電纜,１Ｃ XLPE 電力電纜 50 m/m2,M,電線,管線材料,管內,,0.023
PL-RT-363,XLPE電纜,１Ｃ XLPE 電力電纜 500 m/m2,M,電線,管線材料,管內,,0.154
PL-RT-354,XLPE電纜,１Ｃ XLPE 電力電纜 60 m/m2,M,電線,管線材料,管內,,0.029
PL-RT-364,XLPE電纜,１Ｃ XLPE 電力電纜 600 m/m2,M,電線,管線材料,管內,,0.185
PL-RT-365,XLPE電纜,１Ｃ XLPE 電力電纜 725 m/m2,M,電線,管線材料,管內,,0.22
PL-RT-348,XLPE電纜,１Ｃ XLPE 電力電纜 8 m/m2,M,電線,管線材料,管內,,0.01
PL-RT-355,XLPE電纜,１Ｃ XLPE 電力電纜 80 m/m2,M,電線,管線材料,管內,,0.035
PL-RT-366,XLPE電纜,１Ｃ XLPE 電力電纜 800 m/m2,M,電線,管線材料,管內,,0.26
PL-RT-379,XLPE電纜,３Ｃ XLPE 電力電纜 100 m/m2,M,電線,管線材料,管內,,0.069
PL-RT-390,XLPE電纜,３Ｃ XLPE 電力電纜 1000 m/m2,M,電線,管線材料,管內,,0.475
PL-RT-380,XLPE電纜,３Ｃ XLPE 電力電纜 125 m/m2,M,電線,管線材料,管內,,0.081
PL-RT-372,XLPE電纜,３Ｃ XLPE 電力電纜 14 m/m2,M,電線,管線材料,管內,,0.017
PL-RT-381,XLPE電纜,３Ｃ XLPE 電力電纜 150 m/m2,M,電線,管線材料,管內,,0.085
PL-RT-368,XLPE電纜,３Ｃ XLPE 電力電纜 2.0 m/m2,M,電線,管線材料,管內,,0.007
PL-RT-382,XLPE電纜,３Ｃ XLPE 電力電纜 200 m/m2,M,電線,管線材料,管內,,0.095
PL-RT-373,XLPE電纜,３Ｃ XLPE 電力電纜 22 m/m2,M,電線,管線材料,管內,,0.025
PL-RT-383,XLPE電纜,３Ｃ XLPE 電力電纜 250 m/m2,M,電線,管線材料,管內,,0.112
PL-RT-369,XLPE電纜,３Ｃ XLPE 電力電纜 3.5 m/m2,M,電線,管線材料,管內,,0.008
PL-RT-374,XLPE電纜,３Ｃ XLPE 電力電纜 30 m/m2,M,電線,管線材料,管內,,0.03
PL-RT-384,XLPE電纜,３Ｃ XLPE 電力電纜 325 m/m2,M,電線,管線材料,管內,,0.16
PL-RT-375,XLPE電纜,３Ｃ XLPE 電力電纜 38 m/m2,M,電線,管線材料,管內,,0.034
PL-RT-385,XLPE電纜,３Ｃ XLPE 電力電纜 400 m/m2,M,電線,管線材料,管內,,0.211
PL-RT-370,XLPE電纜,３Ｃ XLPE 電力電纜 5.5 m/m2,M,電線,管線材料,管內,,0.013
PL-RT-376,XLPE電纜,３Ｃ XLPE 電力電纜 50 m/m2,M,電線,管線材料,管內,,0.038
PL-RT-386,XLPE電纜,３Ｃ XLPE 電力電纜 500 m/m2,M,電線,管線材料,管內,,0.254
PL-RT-377,XLPE電纜,３Ｃ XLPE 電力電纜 60 m/m2,M,電線,管線材料,管內,,0.045
PL-RT-387,XLPE電纜,３Ｃ XLPE 電力電纜 600 m/m2,M,電線,管線材料,管內,,0.285
PL-RT-388,XLPE電纜,３Ｃ XLPE 電力電纜 725 m/m2,M,電線,管線材料,管內,,0.352
PL-RT-371,XLPE電纜,３Ｃ XLPE 電力電纜 8 m/m2,M,電線,管線材料,管內,,0.016
PL-RT-378,XLPE電纜,３Ｃ XLPE 電力電纜 80 m/m2,M,電線,管線材料,管內,,0.053
PL-RT-389,XLPE電纜,３Ｃ XLPE 電力電纜 800 m/m2,M,電線,管線材料,管內,,0.395
PL-RT-278,其他線材,0.4m/m * 100P 數位電纜,M,電線,管線材料,管內,,0.035
PL-RT-279,其他線材,0.4m/m * 200P 數位電纜,M,電線,管線材料,管內,,0.055
PL-RT-280,其他線材,0.4m/m * 400P 數位電纜,M,電線,管線材料,管內,,0.075
PL-RT-288,其他線材,0.5m/m * 100P 數位電纜,M,電線,管線材料,管內,,0.04
PL-RT-284,其他線材,0.5m/m * 10P 數位電纜,M,電線,管線材料,管內,,0.01
PL-RT-289,其他線材,0.5m/m * 200P 數位電纜,M,電線,管線材料,管內,,0.06
PL-RT-285,其他線材,0.5m/m * 20P 數位電纜,M,電線,管線材料,管內,,0.015
PL-RT-281,其他線材,0.5m/m * 2P 數位電纜,M,電線,管線材料,管內,,0.003
PL-RT-290,其他線材,0.5m/m * 300P 數位電纜,M,電線,管線材料,管內,,0.075
PL-RT-286,其他線材,0.5m/m * 30P 數位電纜,M,電線,管線材料,管內,,0.02
PL-RT-291,其他線材,0.5m/m * 400P 數位電纜,M,電線,管線材料,管內,,0.09
PL-RT-282,其他線材,0.5m/m * 4P 數位電纜,M,電線,管線材料,管內,,0.005
PL-RT-287,其他線材,0.5m/m * 50P 數位電纜,M,電線,管線材料,管內,,0.035
PL-RT-283,其他線材,0.5m/m * 7P 數位電纜,M,電線,管線材料,管內,,0.007
PL-RT-292,其他線材,３Ｃ２Ｖ同軸電纜,M,電線,管線材料,管內,,0.005
PL-RT-293,其他線材,５Ｃ２Ｖ同軸電纜,M,電線,管線材料,管內,,0.006
PL-RT-294,其他線材,７Ｃ２Ｖ同軸電纜,M,電線,管線材料,管內,,0.008
PL-RT-565,線槽,W:1000mm * D:300mm,M,電線,管線材料,—,,0.485
PL-RT-566,線槽,W:1000mm * D:400mm,M,電線,管線材料,—,,0.57
PL-RT-547,線槽,W:100mm * D: 50mm,M,電線,管線材料,—,,0.075
PL-RT-548,線槽,W:100mm * D:100mm,M,電線,管線材料,—,,0.08
PL-RT-549,線槽,W:200mm * D: 50mm,M,電線,管線材料,—,,0.095
PL-RT-550,線槽,W:200mm * D:100mm,M,電線,管線材料,—,,0.105
PL-RT-551,線槽,W:300mm * D:100mm,M,電線,管線材料,—,,0.115
PL-RT-552,線槽,W:300mm * D:150mm,M,電線,管線材料,—,,0.125
PL-RT-553,線槽,W:400mm * D:100mm,M,電線,管線材料,—,,0.135
PL-RT-554,線槽,W:400mm * D:150mm,M,電線,管線材料,—,,0.145
PL-RT-555,線槽,W:500mm * D:100mm,M,電線,管線材料,—,,0.15
PL-RT-556,線槽,W:500mm * D:200mm,M,電線,管線材料,—,,0.165
PL-RT-557,線槽,W:600mm * D:150mm,M,電線,管線材料,—,,0.175
PL-RT-558,線槽,W:600mm * D:200mm,M,電線,管線材料,—,,0.188
PL-RT-559,線槽,W:700mm * D:200mm,M,電線,管線材料,—,,0.205
PL-RT-560,線槽,W:700mm * D:300mm,M,電線,管線材料,—,,0.225
PL-RT-561,線槽,W:800mm * D:200mm,M,電線,管線材料,—,,0.245
PL-RT-562,線槽,W:800mm * D:300mm,M,電線,管線材料,—,,0.285
PL-RT-563,線槽,W:900mm * D:300mm,M,電線,管線材料,—,,0.356
PL-RT-564,線槽,W:900mm * D:400mm,M,電線,管線材料,—,,0.456
PL-RT-576,線槽,出線栓標誌銅蓋,M,電線,管線材料,—,,0.05
PL-RT-570,線槽,地板標誌蓋,M,電線,管線材料,—,,0.075
PL-RT-567,線槽,地板線槽接線盒 34W*34H*5D CM,M,電線,管線材料,—,,0.16
PL-RT-579,線槽,"末端接頭 1""",M,電線,管線材料,—,,0.09
PL-RT-577,線槽,"末端接頭 1/2""",M,電線,管線材料,—,,0.06
PL-RT-578,線槽,"末端接頭 3/4""",M,電線,管線材料,—,,0.075
PL-RT-574,線槽,末端蓋,M,電線,管線材料,—,,0.038
PL-RT-575,線槽,線槽接頭,M,電線,管線材料,—,,0.075
PL-RT-571,線槽,線槽支架,M,電線,管線材料,—,,0.095
PL-RT-568,線槽,鋁合金地板線槽 5W*2.5H*1.8D CM,M,電線,管線材料,—,,0.125
PL-RT-569,線槽,鍍鋅鋼板地板線槽 5W*2.5H*1.8D CM,M,電線,管線材料,—,,0.145
PL-RT-573,線槽,電力插座31φ2P 15A 125V+E,M,電線,管線材料,—,,0.175
PL-RT-572,線槽,電話出線口31φ,M,電線,管線材料,—,,0.175
PL-RT-407,通信電纜線,０．５ｍ／ｍ １００Ｐ,M,電線,管線材料,管內,,0.04
PL-RT-399,通信電纜線,０．５ｍ／ｍ １０Ｐ,M,電線,管線材料,管內,,0.01
PL-RT-400,通信電纜線,０．５ｍ／ｍ １２Ｐ,M,電線,管線材料,管內,,0.012
PL-RT-401,通信電纜線,０．５ｍ／ｍ １５Ｐ,M,電線,管線材料,管內,,0.013
PL-RT-402,通信電纜線,０．５ｍ／ｍ １８Ｐ,M,電線,管線材料,管內,,0.014
PL-RT-408,通信電纜線,０．５ｍ／ｍ ２００Ｐ,M,電線,管線材料,管內,,0.06
PL-RT-403,通信電纜線,０．５ｍ／ｍ ２０Ｐ,M,電線,管線材料,管內,,0.015
PL-RT-404,通信電纜線,０．５ｍ／ｍ ２４Ｐ,M,電線,管線材料,管內,,0.018
PL-RT-391,通信電纜線,０．５ｍ／ｍ ２Ｃ,M,電線,管線材料,管內,,0.0015
PL-RT-409,通信電纜線,０．５ｍ／ｍ ３００Ｐ,M,電線,管線材料,管內,,0.075
PL-RT-405,通信電纜線,０．５ｍ／ｍ ３０Ｐ,M,電線,管線材料,管內,,0.02
PL-RT-392,通信電纜線,０．５ｍ／ｍ ３Ｃ,M,電線,管線材料,管內,,0.002
PL-RT-410,通信電纜線,０．５ｍ／ｍ ４００Ｐ,M,電線,管線材料,管內,,0.09
PL-RT-393,通信電纜線,０．５ｍ／ｍ ４Ｃ,M,電線,管線材料,管內,,0.002
PL-RT-406,通信電纜線,０．５ｍ／ｍ ５０Ｐ,M,電線,管線材料,管內,,0.035
PL-RT-394,通信電纜線,０．５ｍ／ｍ ５Ｃ,M,電線,管線材料,管內,,0.003
PL-RT-398,通信電纜線,０．５ｍ／ｍ ５Ｐ,M,電線,管線材料,管內,,0.008
PL-RT-411,通信電纜線,０．５ｍ／ｍ ６００Ｐ,M,電線,管線材料,管內,,0.126
PL-RT-395,通信電纜線,０．５ｍ／ｍ ６Ｃ,M,電線,管線材料,管內,,0.004
PL-RT-396,通信電纜線,０．５ｍ／ｍ ８Ｃ,M,電線,管線材料,管內,,0.005
PL-RT-397,通信電纜線,０．５ｍ／ｍ ９Ｃ,M,電線,管線材料,管內,,0.007
PL-RT-428,通信電纜線,０．６５ｍ／ｍ １００Ｐ,M,電線,管線材料,管內,,0.045
PL-RT-420,通信電纜線,０．６５ｍ／ｍ １０Ｐ,M,電線,管線材料,管內,,0.011
PL-RT-421,通信電纜線,０．６５ｍ／ｍ １２Ｐ,M,電線,管線材料,管內,,0.013
PL-RT-422,通信電纜線,０．６５ｍ／ｍ １５Ｐ,M,電線,管線材料,管內,,0.015
PL-RT-423,通信電纜線,０．６５ｍ／ｍ １８Ｐ,M,電線,管線材料,管內,,0.016
PL-RT-429,通信電纜線,０．６５ｍ／ｍ ２００Ｐ,M,電線,管線材料,管內,,0.07
PL-RT-424,通信電纜線,０．６５ｍ／ｍ ２０Ｐ,M,電線,管線材料,管內,,0.018
PL-RT-425,通信電纜線,０．６５ｍ／ｍ ２４Ｐ,M,電線,管線材料,管內,,0.02
PL-RT-412,通信電纜線,０．６５ｍ／ｍ ２Ｃ,M,電線,管線材料,管內,,0.002
PL-RT-430,通信電纜線,０．６５ｍ／ｍ ３００Ｐ,M,電線,管線材料,管內,,0.082
PL-RT-426,通信電纜線,０．６５ｍ／ｍ ３０Ｐ,M,電線,管線材料,管內,,0.023
PL-RT-413,通信電纜線,０．６５ｍ／ｍ ３Ｃ,M,電線,管線材料,管內,,0.002
PL-RT-431,通信電纜線,０．６５ｍ／ｍ ４００Ｐ,M,電線,管線材料,管內,,0.102
PL-RT-414,通信電纜線,０．６５ｍ／ｍ ４Ｃ,M,電線,管線材料,管內,,0.003
PL-RT-427,通信電纜線,０．６５ｍ／ｍ ５０Ｐ,M,電線,管線材料,管內,,0.04
PL-RT-415,通信電纜線,０．６５ｍ／ｍ ５Ｃ,M,電線,管線材料,管內,,0.004
PL-RT-419,通信電纜線,０．６５ｍ／ｍ ５Ｐ,M,電線,管線材料,管內,,0.008
PL-RT-432,通信電纜線,０．６５ｍ／ｍ ６００Ｐ,M,電線,管線材料,管內,,0.12
PL-RT-416,通信電纜線,０．６５ｍ／ｍ ６Ｃ,M,電線,管線材料,管內,,0.005
PL-RT-417,通信電纜線,０．６５ｍ／ｍ ８Ｃ,M,電線,管線材料,管內,,0.006
PL-RT-418,通信電纜線,０．６５ｍ／ｍ ９Ｃ,M,電線,管線材料,管內,,0.007
PL-RT-449,通信電纜線,０．９ｍ／ｍ １００Ｐ,M,電線,管線材料,管內,,0.05
PL-RT-441,通信電纜線,０．９ｍ／ｍ １０Ｐ,M,電線,管線材料,管內,,0.013
PL-RT-442,通信電纜線,０．９ｍ／ｍ １２Ｐ,M,電線,管線材料,管內,,0.014
PL-RT-443,通信電纜線,０．９ｍ／ｍ １５Ｐ,M,電線,管線材料,管內,,0.017
PL-RT-444,通信電纜線,０．９ｍ／ｍ １８Ｐ,M,電線,管線材料,管內,,0.018
PL-RT-450,通信電纜線,０．９ｍ／ｍ ２００Ｐ,M,電線,管線材料,管內,,0.075
PL-RT-445,通信電纜線,０．９ｍ／ｍ ２０Ｐ,M,電線,管線材料,管內,,0.02
PL-RT-446,通信電纜線,０．９ｍ／ｍ ２４Ｐ,M,電線,管線材料,管內,,0.022
PL-RT-433,通信電纜線,０．９ｍ／ｍ ２Ｃ,M,電線,管線材料,管內,,0.004
PL-RT-451,通信電纜線,０．９ｍ／ｍ ３００Ｐ,M,電線,管線材料,管內,,0.09
PL-RT-447,通信電纜線,０．９ｍ／ｍ ３０Ｐ,M,電線,管線材料,管內,,0.03
PL-RT-434,通信電纜線,０．９ｍ／ｍ ３Ｃ,M,電線,管線材料,管內,,0.005
PL-RT-452,通信電纜線,０．９ｍ／ｍ ４００Ｐ,M,電線,管線材料,管內,,0.11
PL-RT-435,通信電纜線,０．９ｍ／ｍ ４Ｃ,M,電線,管線材料,管內,,0.006
PL-RT-448,通信電纜線,０．９ｍ／ｍ ５０Ｐ,M,電線,管線材料,管內,,0.045
PL-RT-436,通信電纜線,０．９ｍ／ｍ ５Ｃ,M,電線,管線材料,管內,,0.007
PL-RT-440,通信電纜線,０．９ｍ／ｍ ５Ｐ,M,電線,管線材料,管內,,0.011
PL-RT-453,通信電纜線,０．９ｍ／ｍ ６００Ｐ,M,電線,管線材料,管內,,0.135
PL-RT-437,通信電纜線,０．９ｍ／ｍ ６Ｃ,M,電線,管線材料,管內,,0.008
PL-RT-438,通信電纜線,０．９ｍ／ｍ ８Ｃ,M,電線,管線材料,管內,,0.009
PL-RT-439,通信電纜線,０．９ｍ／ｍ ９Ｃ,M,電線,管線材料,管內,,0.01
PL-RT-604,電纜終端頭,3C 14m/m2以下,只,電線,管線材料,—,,0.38
PL-RT-608,電纜終端頭,3C 150m/m2,只,電線,管線材料,—,,1.555
PL-RT-609,電纜終端頭,3C 200m/m2以上,只,電線,管線材料,—,,1.81
PL-RT-605,電纜終端頭,3C 22-38m/m2,只,電線,管線材料,—,,0.48
PL-RT-606,電纜終端頭,3C 50-60m/m2,只,電線,管線材料,—,,0.685
PL-RT-607,電纜終端頭,3C 80-100m/m2,只,電線,管線材料,—,,0.91
PL-RT-537,電纜線架,2MM(厚度) 伸縮直式電纜線架 1000W,M,電線,管線材料,—,,0.287
PL-RT-529,電纜線架,2MM(厚度) 伸縮直式電纜線架 200W,M,電線,管線材料,—,,0.125
PL-RT-530,電纜線架,2MM(厚度) 伸縮直式電纜線架 300W,M,電線,管線材料,—,,0.145
PL-RT-531,電纜線架,2MM(厚度) 伸縮直式電纜線架 400W,M,電線,管線材料,—,,0.165
PL-RT-532,電纜線架,2MM(厚度) 伸縮直式電纜線架 500W,M,電線,管線材料,—,,0.185
PL-RT-533,電纜線架,2MM(厚度) 伸縮直式電纜線架 600W,M,電線,管線材料,—,,0.195
PL-RT-534,電纜線架,2MM(厚度) 伸縮直式電纜線架 700W,M,電線,管線材料,—,,0.215
PL-RT-535,電纜線架,2MM(厚度) 伸縮直式電纜線架 800W,M,電線,管線材料,—,,0.225
PL-RT-536,電纜線架,2MM(厚度) 伸縮直式電纜線架 900W,M,電線,管線材料,—,,0.249
PL-RT-546,電纜線架,3MM(厚度) 伸縮直式電纜線架 1000W,M,電線,管線材料,—,,0.305
PL-RT-538,電纜線架,3MM(厚度) 伸縮直式電纜線架 200W,M,電線,管線材料,—,,0.135
PL-RT-539,電纜線架,3MM(厚度) 伸縮直式電纜線架 300W,M,電線,管線材料,—,,0.155
PL-RT-540,電纜線架,3MM(厚度) 伸縮直式電纜線架 400W,M,電線,管線材料,—,,0.173
PL-RT-541,電纜線架,3MM(厚度) 伸縮直式電纜線架 500W,M,電線,管線材料,—,,0.195
PL-RT-542,電纜線架,3MM(厚度) 伸縮直式電纜線架 600W,M,電線,管線材料,—,,0.205
PL-RT-543,電纜線架,3MM(厚度) 伸縮直式電纜線架 700W,M,電線,管線材料,—,,0.225
PL-RT-544,電纜線架,3MM(厚度) 伸縮直式電纜線架 800W,M,電線,管線材料,—,,0.235
PL-RT-545,電纜線架,3MM(厚度) 伸縮直式電纜線架 900W,M,電線,管線材料,—,,0.265
PL-RT-592,電纜頭處理,2MM預鑄式 15KV 125m/m2-150m/m2,只,電線,管線材料,—,,0.471
PL-RT-593,電纜頭處理,2MM預鑄式 15KV 200m/m2,只,電線,管線材料,—,,0.533
PL-RT-588,電纜頭處理,2MM預鑄式 15KV 22m/m2以下,只,電線,管線材料,—,,0.282
PL-RT-594,電纜頭處理,2MM預鑄式 15KV 250m/m2,只,電線,管線材料,—,,0.565
PL-RT-589,電纜頭處理,2MM預鑄式 15KV 30m/m2-38m/m2,只,電線,管線材料,—,,0.329
PL-RT-595,電纜頭處理,2MM預鑄式 15KV 325m/m2,只,電線,管線材料,—,,0.628
PL-RT-590,電纜頭處理,2MM預鑄式 15KV 50m/m2-60m/m2,只,電線,管線材料,—,,0.393
PL-RT-591,電纜頭處理,2MM預鑄式 15KV 80m/m2-100m/m2,只,電線,管線材料,—,,0.44
PL-RT-600,電纜頭處理,2MM預鑄式 25KV 125m/m2-150m/m2,只,電線,管線材料,—,,0.565
PL-RT-601,電纜頭處理,2MM預鑄式 25KV 200m/m2,只,電線,管線材料,—,,0.628
PL-RT-596,電纜頭處理,2MM預鑄式 25KV 22m/m2以下,只,電線,管線材料,—,,0.314
PL-RT-602,電纜頭處理,2MM預鑄式 25KV 250m/m2,只,電線,管線材料,—,,0.691
PL-RT-597,電纜頭處理,2MM預鑄式 25KV 30m/m2-38m/m2,只,電線,管線材料,—,,0.376
PL-RT-603,電纜頭處理,2MM預鑄式 25KV 325m/m2,只,電線,管線材料,—,,0.754
PL-RT-598,電纜頭處理,2MM預鑄式 25KV 50m/m2-60m/m2,只,電線,管線材料,—,,0.455
PL-RT-599,電纜頭處理,2MM預鑄式 25KV 80m/m2-100m/m2,只,電線,管線材料,—,,0.502
PL-RT-584,電纜頭處理,2MM預鑄式 6.6KV以下 125m/m2-150m/m2,只,電線,管線材料,—,,0.345
PL-RT-585,電纜頭處理,2MM預鑄式 6.6KV以下 200m/m2,只,電線,管線材料,—,,0.376
PL-RT-580,電纜頭處理,2MM預鑄式 6.6KV以下 22m/m2以下,只,電線,管線材料,—,,0.251
PL-RT-586,電纜頭處理,2MM預鑄式 6.6KV以下 250m/m2,只,電線,管線材料,—,,0.4083
PL-RT-581,電纜頭處理,2MM預鑄式 6.6KV以下 30m/m2-38m/m2,只,電線,管線材料,—,,0.282
PL-RT-587,電纜頭處理,2MM預鑄式 6.6KV以下 325m/m2,只,電線,管線材料,—,,0.44
PL-RT-582,電纜頭處理,2MM預鑄式 6.6KV以下 50m/m2-60m/m2,只,電線,管線材料,—,,0.298
PL-RT-583,電纜頭處理,2MM預鑄式 6.6KV以下 80m/m2-100m/m2,只,電線,管線材料,—,,0.329
